filename	synonyms	is_a	part_of	label	Template
AB(L)	AB(L)	asymmetrical body	male organism|adult brain|left side of organism	AB(L) on JRC2018Unisex	JRC2018Unisex_c
AB(R)	AB(R)	asymmetrical body	male organism|adult brain|right side of organism	AB(R) on JRC2018Unisex	JRC2018Unisex_c
ADMN(L)	ADMN(L)	adult anterior dorsal mesothoracic nerve	male organism|adult ventral nerve cord|left side of organism	ADMN(L) on JRC2018UnisexVNC	JRC2018UnisexVNC_c
ADMN(R)	ADMN(R)	adult anterior dorsal mesothoracic nerve	male organism|adult ventral nerve cord|right side of organism	ADMN(R) on JRC2018UnisexVNC	JRC2018UnisexVNC_c
AL(L)	AL(L)	adult antennal lobe	male organism|adult brain|left side of organism	AL(L) on JRC2018Unisex	JRC2018Unisex_c
AL(R)	AL(R)	adult antennal lobe	male organism|adult brain|right side of organism	AL(R) on JRC2018Unisex	JRC2018Unisex_c
AL-D(L)	AL-D(L)	antennal lobe glomerulus D	male organism|adult brain|left side of organism	AL-D(L) on JRC2018Unisex	JRC2018Unisex_c
AL-D(R)	AL-D(R)	antennal lobe glomerulus D	male organism|adult brain|right side of organism	AL-D(R) on JRC2018Unisex	JRC2018Unisex_c
AL-DA1(L)	AL-DA1(L)	antennal lobe glomerulus DA1	male organism|adult brain|left side of organism	AL-DA1(L) on JRC2018Unisex	JRC2018Unisex_c
AL-DA1(R)	AL-DA1(R)	antennal lobe glomerulus DA1	male organism|adult brain|right side of organism	AL-DA1(R) on JRC2018Unisex	JRC2018Unisex_c
AL-DA2(L)	AL-DA2(L)	antennal lobe glomerulus DA2	male organism|adult brain|left side of organism	AL-DA2(L) on JRC2018Unisex	JRC2018Unisex_c
AL-DA2(R)	AL-DA2(R)	antennal lobe glomerulus DA2	male organism|adult brain|right side of organism	AL-DA2(R) on JRC2018Unisex	JRC2018Unisex_c
AL-DA3(L)	AL-DA3(L)	antennal lobe glomerulus DA3	male organism|adult brain|left side of organism	AL-DA3(L) on JRC2018Unisex	JRC2018Unisex_c
AL-DA3(R)	AL-DA3(R)	antennal lobe glomerulus DA3	male organism|adult brain|right side of organism	AL-DA3(R) on JRC2018Unisex	JRC2018Unisex_c
AL-DA4l(L)	AL-DA4l(L)	antennal lobe glomerulus DA4l	male organism|adult brain|left side of organism	AL-DA4l(L) on JRC2018Unisex	JRC2018Unisex_c
AL-DA4l(R)	AL-DA4l(R)	antennal lobe glomerulus DA4l	male organism|adult brain|right side of organism	AL-DA4l(R) on JRC2018Unisex	JRC2018Unisex_c
AL-DA4m(L)	AL-DA4m(L)	antennal lobe glomerulus DA4m	male organism|adult brain|left side of organism	AL-DA4m(L) on JRC2018Unisex	JRC2018Unisex_c
AL-DA4m(R)	AL-DA4m(R)	antennal lobe glomerulus DA4m	male organism|adult brain|right side of organism	AL-DA4m(R) on JRC2018Unisex	JRC2018Unisex_c
AL-DC1(L)	AL-DC1(L)	antennal lobe glomerulus DC1	male organism|adult brain|left side of organism	AL-DC1(L) on JRC2018Unisex	JRC2018Unisex_c
AL-DC1(R)	AL-DC1(R)	antennal lobe glomerulus DC1	male organism|adult brain|right side of organism	AL-DC1(R) on JRC2018Unisex	JRC2018Unisex_c
AL-DC2(L)	AL-DC2(L)	antennal lobe glomerulus DC2	male organism|adult brain|left side of organism	AL-DC2(L) on JRC2018Unisex	JRC2018Unisex_c
AL-DC2(R)	AL-DC2(R)	antennal lobe glomerulus DC2	male organism|adult brain|right side of organism	AL-DC2(R) on JRC2018Unisex	JRC2018Unisex_c
AL-DC3(L)	AL-DC3(L)	antennal lobe glomerulus DC3	male organism|adult brain|left side of organism	AL-DC3(L) on JRC2018Unisex	JRC2018Unisex_c
AL-DC3(R)	AL-DC3(R)	antennal lobe glomerulus DC3	male organism|adult brain|right side of organism	AL-DC3(R) on JRC2018Unisex	JRC2018Unisex_c
AL-DC4(L)	AL-DC4(L)	antennal lobe glomerulus DC4	male organism|adult brain|left side of organism	AL-DC4(L) on JRC2018Unisex	JRC2018Unisex_c
AL-DC4(R)	AL-DC4(R)	antennal lobe glomerulus DC4	male organism|adult brain|right side of organism	AL-DC4(R) on JRC2018Unisex	JRC2018Unisex_c
AL-DL1(L)	AL-DL1(L)	antennal lobe glomerulus DL1	male organism|adult brain|left side of organism	AL-DL1(L) on JRC2018Unisex	JRC2018Unisex_c
AL-DL1(R)	AL-DL1(R)	antennal lobe glomerulus DL1	male organism|adult brain|right side of organism	AL-DL1(R) on JRC2018Unisex	JRC2018Unisex_c
AL-DL2d(L)	AL-DL2d(L)	antennal lobe glomerulus DL2d	male organism|adult brain|left side of organism	AL-DL2d(L) on JRC2018Unisex	JRC2018Unisex_c
AL-DL2d(R)	AL-DL2d(R)	antennal lobe glomerulus DL2d	male organism|adult brain|right side of organism	AL-DL2d(R) on JRC2018Unisex	JRC2018Unisex_c
AL-DL2v(L)	AL-DL2v(L)	antennal lobe glomerulus DL2v	male organism|adult brain|left side of organism	AL-DL2v(L) on JRC2018Unisex	JRC2018Unisex_c
AL-DL2v(R)	AL-DL2v(R)	antennal lobe glomerulus DL2v	male organism|adult brain|right side of organism	AL-DL2v(R) on JRC2018Unisex	JRC2018Unisex_c
AL-DL3(L)	AL-DL3(L)	antennal lobe glomerulus DL3	male organism|adult brain|left side of organism	AL-DL3(L) on JRC2018Unisex	JRC2018Unisex_c
AL-DL3(R)	AL-DL3(R)	antennal lobe glomerulus DL3	male organism|adult brain|right side of organism	AL-DL3(R) on JRC2018Unisex	JRC2018Unisex_c
AL-DL4(L)	AL-DL4(L)	antennal lobe glomerulus DL4	male organism|adult brain|left side of organism	AL-DL4(L) on JRC2018Unisex	JRC2018Unisex_c
AL-DL4(R)	AL-DL4(R)	antennal lobe glomerulus DL4	male organism|adult brain|right side of organism	AL-DL4(R) on JRC2018Unisex	JRC2018Unisex_c
AL-DL5(L)	AL-DL5(L)	antennal lobe glomerulus DL5	male organism|adult brain|left side of organism	AL-DL5(L) on JRC2018Unisex	JRC2018Unisex_c
AL-DL5(R)	AL-DL5(R)	antennal lobe glomerulus DL5	male organism|adult brain|right side of organism	AL-DL5(R) on JRC2018Unisex	JRC2018Unisex_c
AL-DM1(L)	AL-DM1(L)	antennal lobe glomerulus DM1	male organism|adult brain|left side of organism	AL-DM1(L) on JRC2018Unisex	JRC2018Unisex_c
AL-DM1(R)	AL-DM1(R)	antennal lobe glomerulus DM1	male organism|adult brain|right side of organism	AL-DM1(R) on JRC2018Unisex	JRC2018Unisex_c
AL-DM2(L)	AL-DM2(L)	antennal lobe glomerulus DM2	male organism|adult brain|left side of organism	AL-DM2(L) on JRC2018Unisex	JRC2018Unisex_c
AL-DM2(R)	AL-DM2(R)	antennal lobe glomerulus DM2	male organism|adult brain|right side of organism	AL-DM2(R) on JRC2018Unisex	JRC2018Unisex_c
AL-DM3(L)	AL-DM3(L)	antennal lobe glomerulus DM3	male organism|adult brain|left side of organism	AL-DM3(L) on JRC2018Unisex	JRC2018Unisex_c
AL-DM3(R)	AL-DM3(R)	antennal lobe glomerulus DM3	male organism|adult brain|right side of organism	AL-DM3(R) on JRC2018Unisex	JRC2018Unisex_c
AL-DM4(L)	AL-DM4(L)	antennal lobe glomerulus DM4	male organism|adult brain|left side of organism	AL-DM4(L) on JRC2018Unisex	JRC2018Unisex_c
AL-DM4(R)	AL-DM4(R)	antennal lobe glomerulus DM4	male organism|adult brain|right side of organism	AL-DM4(R) on JRC2018Unisex	JRC2018Unisex_c
AL-DM5(L)	AL-DM5(L)	antennal lobe glomerulus DM5	male organism|adult brain|left side of organism	AL-DM5(L) on JRC2018Unisex	JRC2018Unisex_c
AL-DM5(R)	AL-DM5(R)	antennal lobe glomerulus DM5	male organism|adult brain|right side of organism	AL-DM5(R) on JRC2018Unisex	JRC2018Unisex_c
AL-DM6(L)	AL-DM6(L)	antennal lobe glomerulus DM6	male organism|adult brain|left side of organism	AL-DM6(L) on JRC2018Unisex	JRC2018Unisex_c
AL-DM6(R)	AL-DM6(R)	antennal lobe glomerulus DM6	male organism|adult brain|right side of organism	AL-DM6(R) on JRC2018Unisex	JRC2018Unisex_c
AL-DP1l(L)	AL-DP1l(L)	antennal lobe glomerulus DP1l	male organism|adult brain|left side of organism	AL-DP1l(L) on JRC2018Unisex	JRC2018Unisex_c
AL-DP1l(R)	AL-DP1l(R)	antennal lobe glomerulus DP1l	male organism|adult brain|right side of organism	AL-DP1l(R) on JRC2018Unisex	JRC2018Unisex_c
AL-DP1m(L)	AL-DP1m(L)	antennal lobe glomerulus DP1m	male organism|adult brain|left side of organism	AL-DP1m(L) on JRC2018Unisex	JRC2018Unisex_c
AL-DP1m(R)	AL-DP1m(R)	antennal lobe glomerulus DP1m	male organism|adult brain|right side of organism	AL-DP1m(R) on JRC2018Unisex	JRC2018Unisex_c
AL-V(L)	AL-V(L)	antennal lobe glomerulus V	male organism|adult brain|left side of organism	AL-V(L) on JRC2018Unisex	JRC2018Unisex_c
AL-V(R)	AL-V(R)	antennal lobe glomerulus V	male organism|adult brain|right side of organism	AL-V(R) on JRC2018Unisex	JRC2018Unisex_c
AL-VA1d(L)	AL-VA1d(L)	antennal lobe glomerulus VA1d	male organism|adult brain|left side of organism	AL-VA1d(L) on JRC2018Unisex	JRC2018Unisex_c
AL-VA1d(R)	AL-VA1d(R)	antennal lobe glomerulus VA1d	male organism|adult brain|right side of organism	AL-VA1d(R) on JRC2018Unisex	JRC2018Unisex_c
AL-VA1v(L)	AL-VA1v(L)	antennal lobe glomerulus VA1v	male organism|adult brain|left side of organism	AL-VA1v(L) on JRC2018Unisex	JRC2018Unisex_c
AL-VA1v(R)	AL-VA1v(R)	antennal lobe glomerulus VA1v	male organism|adult brain|right side of organism	AL-VA1v(R) on JRC2018Unisex	JRC2018Unisex_c
AL-VA2(L)	AL-VA2(L)	antennal lobe glomerulus VA2	male organism|adult brain|left side of organism	AL-VA2(L) on JRC2018Unisex	JRC2018Unisex_c
AL-VA2(R)	AL-VA2(R)	antennal lobe glomerulus VA2	male organism|adult brain|right side of organism	AL-VA2(R) on JRC2018Unisex	JRC2018Unisex_c
AL-VA3(L)	AL-VA3(L)	antennal lobe glomerulus VA3	male organism|adult brain|left side of organism	AL-VA3(L) on JRC2018Unisex	JRC2018Unisex_c
AL-VA3(R)	AL-VA3(R)	antennal lobe glomerulus VA3	male organism|adult brain|right side of organism	AL-VA3(R) on JRC2018Unisex	JRC2018Unisex_c
AL-VA4(L)	AL-VA4(L)	antennal lobe glomerulus VA4	male organism|adult brain|left side of organism	AL-VA4(L) on JRC2018Unisex	JRC2018Unisex_c
AL-VA4(R)	AL-VA4(R)	antennal lobe glomerulus VA4	male organism|adult brain|right side of organism	AL-VA4(R) on JRC2018Unisex	JRC2018Unisex_c
AL-VA5(L)	AL-VA5(L)	antennal lobe glomerulus VA5	male organism|adult brain|left side of organism	AL-VA5(L) on JRC2018Unisex	JRC2018Unisex_c
AL-VA5(R)	AL-VA5(R)	antennal lobe glomerulus VA5	male organism|adult brain|right side of organism	AL-VA5(R) on JRC2018Unisex	JRC2018Unisex_c
AL-VA6(L)	AL-VA6(L)	antennal lobe glomerulus VA6	male organism|adult brain|left side of organism	AL-VA6(L) on JRC2018Unisex	JRC2018Unisex_c
AL-VA6(R)	AL-VA6(R)	antennal lobe glomerulus VA6	male organism|adult brain|right side of organism	AL-VA6(R) on JRC2018Unisex	JRC2018Unisex_c
AL-VA7l(L)	AL-VA7l(L)	antennal lobe glomerulus VA7l	male organism|adult brain|left side of organism	AL-VA7l(L) on JRC2018Unisex	JRC2018Unisex_c
AL-VA7l(R)	AL-VA7l(R)	antennal lobe glomerulus VA7l	male organism|adult brain|right side of organism	AL-VA7l(R) on JRC2018Unisex	JRC2018Unisex_c
AL-VA7m(L)	AL-VA7m(L)	antennal lobe glomerulus VA7m	male organism|adult brain|left side of organism	AL-VA7m(L) on JRC2018Unisex	JRC2018Unisex_c
AL-VA7m(R)	AL-VA7m(R)	antennal lobe glomerulus VA7m	male organism|adult brain|right side of organism	AL-VA7m(R) on JRC2018Unisex	JRC2018Unisex_c
AL-VC1(L)	AL-VC1(L)	antennal lobe glomerulus VC1	male organism|adult brain|left side of organism	AL-VC1(L) on JRC2018Unisex	JRC2018Unisex_c
AL-VC1(R)	AL-VC1(R)	antennal lobe glomerulus VC1	male organism|adult brain|right side of organism	AL-VC1(R) on JRC2018Unisex	JRC2018Unisex_c
AL-VC2(L)	AL-VC2(L)	antennal lobe glomerulus VC2	male organism|adult brain|left side of organism	AL-VC2(L) on JRC2018Unisex	JRC2018Unisex_c
AL-VC2(R)	AL-VC2(R)	antennal lobe glomerulus VC2	male organism|adult brain|right side of organism	AL-VC2(R) on JRC2018Unisex	JRC2018Unisex_c
AL-VC3(L)	AL-VC3(L)	antennal lobe glomerulus VC3	male organism|adult brain|left side of organism	AL-VC3(L) on JRC2018Unisex	JRC2018Unisex_c
AL-VC3(R)	AL-VC3(R)	antennal lobe glomerulus VC3	male organism|adult brain|right side of organism	AL-VC3(R) on JRC2018Unisex	JRC2018Unisex_c
AL-VC4(L)	AL-VC4(L)	antennal lobe glomerulus VC4	male organism|adult brain|left side of organism	AL-VC4(L) on JRC2018Unisex	JRC2018Unisex_c
AL-VC4(R)	AL-VC4(R)	antennal lobe glomerulus VC4	male organism|adult brain|right side of organism	AL-VC4(R) on JRC2018Unisex	JRC2018Unisex_c
AL-VC5(L)	AL-VC5(L)	antennal lobe glomerulus VC5	male organism|adult brain|left side of organism	AL-VC5(L) on JRC2018Unisex	JRC2018Unisex_c
AL-VC5(R)	AL-VC5(R)	antennal lobe glomerulus VC5	male organism|adult brain|right side of organism	AL-VC5(R) on JRC2018Unisex	JRC2018Unisex_c
AL-VL1(L)	AL-VL1(L)	antennal lobe glomerulus VL1	male organism|adult brain|left side of organism	AL-VL1(L) on JRC2018Unisex	JRC2018Unisex_c
AL-VL1(R)	AL-VL1(R)	antennal lobe glomerulus VL1	male organism|adult brain|right side of organism	AL-VL1(R) on JRC2018Unisex	JRC2018Unisex_c
AL-VL2a(L)	AL-VL2a(L)	antennal lobe glomerulus VL2a	male organism|adult brain|left side of organism	AL-VL2a(L) on JRC2018Unisex	JRC2018Unisex_c
AL-VL2a(R)	AL-VL2a(R)	antennal lobe glomerulus VL2a	male organism|adult brain|right side of organism	AL-VL2a(R) on JRC2018Unisex	JRC2018Unisex_c
AL-VL2p(L)	AL-VL2p(L)	antennal lobe glomerulus VL2p	male organism|adult brain|left side of organism	AL-VL2p(L) on JRC2018Unisex	JRC2018Unisex_c
AL-VL2p(R)	AL-VL2p(R)	antennal lobe glomerulus VL2p	male organism|adult brain|right side of organism	AL-VL2p(R) on JRC2018Unisex	JRC2018Unisex_c
AL-VM1(L)	AL-VM1(L)	antennal lobe glomerulus VM1	male organism|adult brain|left side of organism	AL-VM1(L) on JRC2018Unisex	JRC2018Unisex_c
AL-VM1(R)	AL-VM1(R)	antennal lobe glomerulus VM1	male organism|adult brain|right side of organism	AL-VM1(R) on JRC2018Unisex	JRC2018Unisex_c
AL-VM2(L)	AL-VM2(L)	antennal lobe glomerulus VM2	male organism|adult brain|left side of organism	AL-VM2(L) on JRC2018Unisex	JRC2018Unisex_c
AL-VM2(R)	AL-VM2(R)	antennal lobe glomerulus VM2	male organism|adult brain|right side of organism	AL-VM2(R) on JRC2018Unisex	JRC2018Unisex_c
AL-VM3(L)	AL-VM3(L)	antennal lobe glomerulus VM3	male organism|adult brain|left side of organism	AL-VM3(L) on JRC2018Unisex	JRC2018Unisex_c
AL-VM3(R)	AL-VM3(R)	antennal lobe glomerulus VM3	male organism|adult brain|right side of organism	AL-VM3(R) on JRC2018Unisex	JRC2018Unisex_c
AL-VM4(L)	AL-VM4(L)	antennal lobe glomerulus VM4	male organism|adult brain|left side of organism	AL-VM4(L) on JRC2018Unisex	JRC2018Unisex_c
AL-VM4(R)	AL-VM4(R)	antennal lobe glomerulus VM4	male organism|adult brain|right side of organism	AL-VM4(R) on JRC2018Unisex	JRC2018Unisex_c
AL-VM5d(L)	AL-VM5d(L)	antennal lobe glomerulus VM5d	male organism|adult brain|left side of organism	AL-VM5d(L) on JRC2018Unisex	JRC2018Unisex_c
AL-VM5d(R)	AL-VM5d(R)	antennal lobe glomerulus VM5d	male organism|adult brain|right side of organism	AL-VM5d(R) on JRC2018Unisex	JRC2018Unisex_c
AL-VM5v(L)	AL-VM5v(L)	antennal lobe glomerulus VM5v	male organism|adult brain|left side of organism	AL-VM5v(L) on JRC2018Unisex	JRC2018Unisex_c
AL-VM5v(R)	AL-VM5v(R)	antennal lobe glomerulus VM5v	male organism|adult brain|right side of organism	AL-VM5v(R) on JRC2018Unisex	JRC2018Unisex_c
AL-VM6(L)	AL-VM6(L)	antennal lobe glomerulus VM6	male organism|adult brain|left side of organism	AL-VM6(L) on JRC2018Unisex	JRC2018Unisex_c
AL-VM6(R)	AL-VM6(R)	antennal lobe glomerulus VM6	male organism|adult brain|right side of organism	AL-VM6(R) on JRC2018Unisex	JRC2018Unisex_c
AL-VM7d(L)	AL-VM7d(L)	antennal lobe glomerulus VM7d	male organism|adult brain|left side of organism	AL-VM7d(L) on JRC2018Unisex	JRC2018Unisex_c
AL-VM7d(R)	AL-VM7d(R)	antennal lobe glomerulus VM7d	male organism|adult brain|right side of organism	AL-VM7d(R) on JRC2018Unisex	JRC2018Unisex_c
AL-VM7v(L)	AL-VM7v(L)	antennal lobe glomerulus VM7v	male organism|adult brain|left side of organism	AL-VM7v(L) on JRC2018Unisex	JRC2018Unisex_c
AL-VM7v(R)	AL-VM7v(R)	antennal lobe glomerulus VM7v	male organism|adult brain|right side of organism	AL-VM7v(R) on JRC2018Unisex	JRC2018Unisex_c
AL-VP1d(L)	AL-VP1d(L)	antennal lobe glomerulus VP1d	male organism|adult brain|left side of organism	AL-VP1d(L) on JRC2018Unisex	JRC2018Unisex_c
AL-VP1d(R)	AL-VP1d(R)	antennal lobe glomerulus VP1d	male organism|adult brain|right side of organism	AL-VP1d(R) on JRC2018Unisex	JRC2018Unisex_c
AL-VP1l(L)	AL-VP1l(L)	antennal lobe glomerulus VP1l	male organism|adult brain|left side of organism	AL-VP1l(L) on JRC2018Unisex	JRC2018Unisex_c
AL-VP1l(R)	AL-VP1l(R)	antennal lobe glomerulus VP1l	male organism|adult brain|right side of organism	AL-VP1l(R) on JRC2018Unisex	JRC2018Unisex_c
AL-VP1m(L)	AL-VP1m(L)	antennal lobe glomerulus VP1m	male organism|adult brain|left side of organism	AL-VP1m(L) on JRC2018Unisex	JRC2018Unisex_c
AL-VP1m(R)	AL-VP1m(R)	antennal lobe glomerulus VP1m	male organism|adult brain|right side of organism	AL-VP1m(R) on JRC2018Unisex	JRC2018Unisex_c
AL-VP2(L)	AL-VP2(L)	antennal lobe glomerulus VP2	male organism|adult brain|left side of organism	AL-VP2(L) on JRC2018Unisex	JRC2018Unisex_c
AL-VP2(R)	AL-VP2(R)	antennal lobe glomerulus VP2	male organism|adult brain|right side of organism	AL-VP2(R) on JRC2018Unisex	JRC2018Unisex_c
AL-VP3(L)	AL-VP3(L)	antennal lobe glomerulus VP3	male organism|adult brain|left side of organism	AL-VP3(L) on JRC2018Unisex	JRC2018Unisex_c
AL-VP3(R)	AL-VP3(R)	antennal lobe glomerulus VP3	male organism|adult brain|right side of organism	AL-VP3(R) on JRC2018Unisex	JRC2018Unisex_c
AL-VP4(L)	AL-VP4(L)	antennal lobe glomerulus VP4	male organism|adult brain|left side of organism	AL-VP4(L) on JRC2018Unisex	JRC2018Unisex_c
AL-VP4(R)	AL-VP4(R)	antennal lobe glomerulus VP4	male organism|adult brain|right side of organism	AL-VP4(R) on JRC2018Unisex	JRC2018Unisex_c
AL-VP5(L)	AL-VP5(L)	antennal lobe glomerulus VP5	male organism|adult brain|left side of organism	AL-VP5(L) on JRC2018Unisex	JRC2018Unisex_c
AL-VP5(R)	AL-VP5(R)	antennal lobe glomerulus VP5	male organism|adult brain|right side of organism	AL-VP5(R) on JRC2018Unisex	JRC2018Unisex_c
AME(L)	AME(L)	accessory medulla	male organism|adult brain|left side of organism	AME(L) on JRC2018Unisex	JRC2018Unisex_c
AME(R)	AME(R)	accessory medulla	male organism|adult brain|right side of organism	AME(R) on JRC2018Unisex	JRC2018Unisex_c
AMMC(L)	AMMC(L)	antennal mechanosensory and motor center	male organism|adult brain|left side of organism	AMMC(L) on JRC2018Unisex	JRC2018Unisex_c
AMMC(R)	AMMC(R)	antennal mechanosensory and motor center	male organism|adult brain|right side of organism	AMMC(R) on JRC2018Unisex	JRC2018Unisex_c
ANm	ANm	adult abdominal neuromere	male organism|adult ventral nerve cord	ANm on JRC2018UnisexVNC	JRC2018UnisexVNC_c
AOTU(L)	AOTU(L)	anterior optic tubercle	male organism|adult brain|left side of organism	AOTU(L) on JRC2018Unisex	JRC2018Unisex_c
AOTU(R)	AOTU(R)	anterior optic tubercle	male organism|adult brain|right side of organism	AOTU(R) on JRC2018Unisex	JRC2018Unisex_c
ATL(L)	ATL(L)	antler	male organism|adult brain|left side of organism	ATL(L) on JRC2018Unisex	JRC2018Unisex_c
ATL(R)	ATL(R)	antler	male organism|adult brain|right side of organism	ATL(R) on JRC2018Unisex	JRC2018Unisex_c
AVLP(L)	AVLP(L)	anterior ventrolateral protocerebrum	male organism|adult brain|left side of organism	AVLP(L) on JRC2018Unisex	JRC2018Unisex_c
AVLP(R)	AVLP(R)	anterior ventrolateral protocerebrum	male organism|adult brain|right side of organism	AVLP(R) on JRC2018Unisex	JRC2018Unisex_c
AbN1(L)	AbN1(L)	adult first abdominal nerve	male organism|adult ventral nerve cord|left side of organism	AbN1(L) on JRC2018UnisexVNC	JRC2018UnisexVNC_c
AbN1(R)	AbN1(R)	adult first abdominal nerve	male organism|adult ventral nerve cord|right side of organism	AbN1(R) on JRC2018UnisexVNC	JRC2018UnisexVNC_c
AbN2(L)	AbN2(L)	adult second abdominal nerve	male organism|adult ventral nerve cord|left side of organism	AbN2(L) on JRC2018UnisexVNC	JRC2018UnisexVNC_c
AbN2(R)	AbN2(R)	adult second abdominal nerve	male organism|adult ventral nerve cord|right side of organism	AbN2(R) on JRC2018UnisexVNC	JRC2018UnisexVNC_c
AbN3(L)	AbN3(L)	adult third abdominal nerve	male organism|adult ventral nerve cord|left side of organism	AbN3(L) on JRC2018UnisexVNC	JRC2018UnisexVNC_c
AbN3(R)	AbN3(R)	adult third abdominal nerve	male organism|adult ventral nerve cord|right side of organism	AbN3(R) on JRC2018UnisexVNC	JRC2018UnisexVNC_c
AbN4(L)	AbN4(L)	adult fourth abdominal nerve	male organism|adult ventral nerve cord|left side of organism	AbN4(L) on JRC2018UnisexVNC	JRC2018UnisexVNC_c
AbN4(R)	AbN4(R)	adult fourth abdominal nerve	male organism|adult ventral nerve cord|right side of organism	AbN4(R) on JRC2018UnisexVNC	JRC2018UnisexVNC_c
AbNT(L)	AbNT(L)	adult abdominal nerve trunk	male organism|adult ventral nerve cord|left side of organism	AbNT(L) on JRC2018UnisexVNC	JRC2018UnisexVNC_c
AbNT(R)	AbNT(R)	adult abdominal nerve trunk	male organism|adult ventral nerve cord|right side of organism	AbNT(R) on JRC2018UnisexVNC	JRC2018UnisexVNC_c
BU(L)	BU(L)	bulb	male organism|adult brain|left side of organism	BU(L) on JRC2018Unisex	JRC2018Unisex_c
BU(R)	BU(R)	bulb	male organism|adult brain|right side of organism	BU(R) on JRC2018Unisex	JRC2018Unisex_c
CA(L)	CA(L)	mushroom body calyx	male organism|adult brain|left side of organism	CA(L) on JRC2018Unisex	JRC2018Unisex_c
CA(R)	CA(R)	mushroom body calyx	male organism|adult brain|right side of organism	CA(R) on JRC2018Unisex	JRC2018Unisex_c
CAN(L)	CAN(L)	cantle	male organism|adult brain|left side of organism	CAN(L) on JRC2018Unisex	JRC2018Unisex_c
CAN(R)	CAN(R)	cantle	male organism|adult brain|right side of organism	CAN(R) on JRC2018Unisex	JRC2018Unisex_c
CRE(-ROB)(-RUB)(L)	CRE(-ROB)(-RUB)(L)	adult crepine	male organism|adult brain|left side of organism	CRE(-ROB)(-RUB)(L) on JRC2018Unisex	JRC2018Unisex_c
CRE(-ROB)(-RUB)(R)	CRE(-ROB)(-RUB)(R)	adult crepine	male organism|adult brain|right side of organism	CRE(-ROB)(-RUB)(R) on JRC2018Unisex	JRC2018Unisex_c
CRE(L)	CRE(L)	adult crepine	male organism|adult brain|left side of organism	CRE(L) on JRC2018Unisex	JRC2018Unisex_c
CRE(R)	CRE(R)	adult crepine	male organism|adult brain|right side of organism	CRE(R) on JRC2018Unisex	JRC2018Unisex_c
CV	CV	adult cervical connective	male organism|adult brain	CV on JRC2018Unisex	JRC2018Unisex_c
CX	CX	adult central complex	male organism|adult brain	CX on JRC2018Unisex	JRC2018Unisex_c
CentralBrain	CentralBrain	adult central brain	male organism|adult brain	CentralBrain on JRC2018Unisex	JRC2018Unisex_c
CvN(L)	CvN(L)	adult cervical nerve	male organism|adult ventral nerve cord|left side of organism	CvN(L) on JRC2018UnisexVNC	JRC2018UnisexVNC_c
CvN(R)	CvN(R)	adult cervical nerve	male organism|adult ventral nerve cord|right side of organism	CvN(R) on JRC2018UnisexVNC	JRC2018UnisexVNC_c
DMetaN(L)	DMetaN(L)	adult dorsal metathoracic nerve	male organism|adult ventral nerve cord|left side of organism	DMetaN(L) on JRC2018UnisexVNC	JRC2018UnisexVNC_c
DMetaN(R)	DMetaN(R)	adult dorsal metathoracic nerve	male organism|adult ventral nerve cord|right side of organism	DMetaN(R) on JRC2018UnisexVNC	JRC2018UnisexVNC_c
DProN(L)	DProN(L)	adult dorsal prothoracic nerve	male organism|adult ventral nerve cord|left side of organism	DProN(L) on JRC2018UnisexVNC	JRC2018UnisexVNC_c
DProN(R)	DProN(R)	adult dorsal prothoracic nerve	male organism|adult ventral nerve cord|right side of organism	DProN(R) on JRC2018UnisexVNC	JRC2018UnisexVNC_c
EB	EB	ellipsoid body	male organism|adult brain	EB on JRC2018Unisex	JRC2018Unisex_c
EBr1	EBr1	ellipsoid body inner posterior domain	male organism|adult brain	EBr1 on JRC2018Unisex	JRC2018Unisex_c
EBr2r4	EBr2r4	ellipsoid body outer central domain	male organism|adult brain	EBr2r4 on JRC2018Unisex	JRC2018Unisex_c
EBr3am	EBr3am	ellipsoid body inner central domain	male organism|adult brain	EBr3am on JRC2018Unisex	JRC2018Unisex_c
EBr3d	EBr3d	ellipsoid body inner central domain	male organism|adult brain	EBr3d on JRC2018Unisex	JRC2018Unisex_c
EBr3pw	EBr3pw	ellipsoid body inner central domain	male organism|adult brain	EBr3pw on JRC2018Unisex	JRC2018Unisex_c
EBr5	EBr5	ellipsoid body anterior domain	male organism|adult brain	EBr5 on JRC2018Unisex	JRC2018Unisex_c
EBr6	EBr6	ellipsoid body outer posterior domain	male organism|adult brain	EBr6 on JRC2018Unisex	JRC2018Unisex_c
EPA(L)	EPA(L)	epaulette	male organism|adult brain|left side of organism	EPA(L) on JRC2018Unisex	JRC2018Unisex_c
EPA(R)	EPA(R)	epaulette	male organism|adult brain|right side of organism	EPA(R) on JRC2018Unisex	JRC2018Unisex_c
FB	FB	fan-shaped body	male organism|adult brain	FB on JRC2018Unisex	JRC2018Unisex_c
FBl1	FBl1	fan-shaped body layer 1	male organism|adult brain	FBl1 on JRC2018Unisex	JRC2018Unisex_c
FBl2	FBl2	fan-shaped body layer 2	male organism|adult brain	FBl2 on JRC2018Unisex	JRC2018Unisex_c
FBl3	FBl3	fan-shaped body layer 3	male organism|adult brain	FBl3 on JRC2018Unisex	JRC2018Unisex_c
FBl4	FBl4	fan-shaped body layer 4	male organism|adult brain	FBl4 on JRC2018Unisex	JRC2018Unisex_c
FBl5	FBl5	fan-shaped body layer 5	male organism|adult brain	FBl5 on JRC2018Unisex	JRC2018Unisex_c
FBl6	FBl6	fan-shaped body layer 6	male organism|adult brain	FBl6 on JRC2018Unisex	JRC2018Unisex_c
FBl7	FBl7	fan-shaped body layer 7	male organism|adult brain	FBl7 on JRC2018Unisex	JRC2018Unisex_c
FBl8	FBl8	fan-shaped body layer 8	male organism|adult brain	FBl8 on JRC2018Unisex	JRC2018Unisex_c
FBl9	FBl9	fan-shaped body layer 9	male organism|adult brain	FBl9 on JRC2018Unisex	JRC2018Unisex_c
FLA(L)	FLA(L)	flange	male organism|adult brain|left side of organism	FLA(L) on JRC2018Unisex	JRC2018Unisex_c
FLA(R)	FLA(R)	flange	male organism|adult brain|right side of organism	FLA(R) on JRC2018Unisex	JRC2018Unisex_c
GA(L)	GA(L)	gall	male organism|adult brain|left side of organism	GA(L) on JRC2018Unisex	JRC2018Unisex_c
GA(R)	GA(R)	gall	male organism|adult brain|right side of organism	GA(R) on JRC2018Unisex	JRC2018Unisex_c
GNG	GNG	gnathal ganglion	male organism|adult brain	GNG on JRC2018Unisex	JRC2018Unisex_c
GOR(L)	GOR(L)	gorget	male organism|adult brain|left side of organism	GOR(L) on JRC2018Unisex	JRC2018Unisex_c
GOR(R)	GOR(R)	gorget	male organism|adult brain|right side of organism	GOR(R) on JRC2018Unisex	JRC2018Unisex_c
HTct(UTct-T3)(L)	HTct(UTct-T3)(L)	haltere neuropil	male organism|adult ventral nerve cord|left side of organism	HTct(UTct-T3)(L) on JRC2018UnisexVNC	JRC2018UnisexVNC_c
HTct(UTct-T3)(R)	HTct(UTct-T3)(R)	haltere neuropil	male organism|adult ventral nerve cord|right side of organism	HTct(UTct-T3)(R) on JRC2018UnisexVNC	JRC2018UnisexVNC_c
IB	IB	inferior bridge	male organism|adult brain	IB on JRC2018Unisex	JRC2018Unisex_c
ICL(L)	ICL(L)	inferior clamp	male organism|adult brain|left side of organism	ICL(L) on JRC2018Unisex	JRC2018Unisex_c
ICL(R)	ICL(R)	inferior clamp	male organism|adult brain|right side of organism	ICL(R) on JRC2018Unisex	JRC2018Unisex_c
INP	INP	inferior neuropils	male organism|adult brain	INP on JRC2018Unisex	JRC2018Unisex_c
IPS(L)	IPS(L)	inferior posterior slope	male organism|adult brain|left side of organism	IPS(L) on JRC2018Unisex	JRC2018Unisex_c
IPS(R)	IPS(R)	inferior posterior slope	male organism|adult brain|right side of organism	IPS(R) on JRC2018Unisex	JRC2018Unisex_c
IntTct	IntTct	intermediate tectulum	male organism|adult ventral nerve cord	IntTct on JRC2018UnisexVNC	JRC2018UnisexVNC_c
LA(L)	LA(L)	lamina	male organism|adult brain|left side of organism	LA(L) on JRC2018Unisex	JRC2018Unisex_c
LA(R)	LA(R)	lamina	male organism|adult brain|right side of organism	LA(R) on JRC2018Unisex	JRC2018Unisex_c
LAL(-GA)(L)	LAL(-GA)(L)	adult lateral accessory lobe	male organism|adult brain|left side of organism	LAL(-GA)(L) on JRC2018Unisex	JRC2018Unisex_c
LAL(-GA)(R)	LAL(-GA)(R)	adult lateral accessory lobe	male organism|adult brain|right side of organism	LAL(-GA)(R) on JRC2018Unisex	JRC2018Unisex_c
LAL(L)	LAL(L)	adult lateral accessory lobe	male organism|adult brain|left side of organism	LAL(L) on JRC2018Unisex	JRC2018Unisex_c
LAL(R)	LAL(R)	adult lateral accessory lobe	male organism|adult brain|right side of organism	LAL(R) on JRC2018Unisex	JRC2018Unisex_c
LH(L)	LH(L)	adult lateral horn	male organism|adult brain|left side of organism	LH(L) on JRC2018Unisex	JRC2018Unisex_c
LH(R)	LH(R)	adult lateral horn	male organism|adult brain|right side of organism	LH(R) on JRC2018Unisex	JRC2018Unisex_c
LO(L)	LO(L)	lobula	male organism|adult brain|left side of organism	LO(L) on JRC2018Unisex	JRC2018Unisex_c
LO(R)	LO(R)	lobula	male organism|adult brain|right side of organism	LO(R) on JRC2018Unisex	JRC2018Unisex_c
LOP(L)	LOP(L)	lobula plate	male organism|adult brain|left side of organism	LOP(L) on JRC2018Unisex	JRC2018Unisex_c
LOP(R)	LOP(R)	lobula plate	male organism|adult brain|right side of organism	LOP(R) on JRC2018Unisex	JRC2018Unisex_c
LOP_L_layer_1	LOP_L_layer_1	lobula plate layer 1	male organism|adult brain|left side of organism	LOP_L_layer_1 on JRC2018Unisex	JRC2018Unisex_c
LOP_L_layer_2	LOP_L_layer_2	lobula plate layer 2	male organism|adult brain|left side of organism	LOP_L_layer_2 on JRC2018Unisex	JRC2018Unisex_c
LOP_L_layer_3	LOP_L_layer_3	lobula plate layer 3	male organism|adult brain|left side of organism	LOP_L_layer_3 on JRC2018Unisex	JRC2018Unisex_c
LOP_L_layer_4	LOP_L_layer_4	lobula plate layer 4	male organism|adult brain|left side of organism	LOP_L_layer_4 on JRC2018Unisex	JRC2018Unisex_c
LOP_R_layer_1	LOP_R_layer_1	lobula plate layer 1	male organism|adult brain|right side of organism	LOP_R_layer_1 on JRC2018Unisex	JRC2018Unisex_c
LOP_R_layer_2	LOP_R_layer_2	lobula plate layer 2	male organism|adult brain|right side of organism	LOP_R_layer_2 on JRC2018Unisex	JRC2018Unisex_c
LOP_R_layer_3	LOP_R_layer_3	lobula plate layer 3	male organism|adult brain|right side of organism	LOP_R_layer_3 on JRC2018Unisex	JRC2018Unisex_c
LOP_R_layer_4	LOP_R_layer_4	lobula plate layer 4	male organism|adult brain|right side of organism	LOP_R_layer_4 on JRC2018Unisex	JRC2018Unisex_c
LO_L_layer_1	LO_L_layer_1	lobula layer 1	male organism|adult brain|left side of organism	LO_L_layer_1 on JRC2018Unisex	JRC2018Unisex_c
LO_L_layer_2	LO_L_layer_2	lobula layer 2	male organism|adult brain|left side of organism	LO_L_layer_2 on JRC2018Unisex	JRC2018Unisex_c
LO_L_layer_3	LO_L_layer_3	lobula layer 3	male organism|adult brain|left side of organism	LO_L_layer_3 on JRC2018Unisex	JRC2018Unisex_c
LO_L_layer_4	LO_L_layer_4	lobula layer 4	male organism|adult brain|left side of organism	LO_L_layer_4 on JRC2018Unisex	JRC2018Unisex_c
LO_L_layer_5	LO_L_layer_5	lobula layer 5A	male organism|adult brain|left side of organism	LO_L_layer_5 on JRC2018Unisex	JRC2018Unisex_c
LO_L_layer_6	LO_L_layer_6	lobula layer 5B	male organism|adult brain|left side of organism	LO_L_layer_6 on JRC2018Unisex	JRC2018Unisex_c
LO_L_layer_7	LO_L_layer_7	lobula layer 6	male organism|adult brain|left side of organism	LO_L_layer_7 on JRC2018Unisex	JRC2018Unisex_c
LO_R_layer_1	LO_R_layer_1	lobula layer 1	male organism|adult brain|right side of organism	LO_R_layer_1 on JRC2018Unisex	JRC2018Unisex_c
LO_R_layer_2	LO_R_layer_2	lobula layer 2	male organism|adult brain|right side of organism	LO_R_layer_2 on JRC2018Unisex	JRC2018Unisex_c
LO_R_layer_3	LO_R_layer_3	lobula layer 3	male organism|adult brain|right side of organism	LO_R_layer_3 on JRC2018Unisex	JRC2018Unisex_c
LO_R_layer_4	LO_R_layer_4	lobula layer 4	male organism|adult brain|right side of organism	LO_R_layer_4 on JRC2018Unisex	JRC2018Unisex_c
LO_R_layer_5	LO_R_layer_5	lobula layer 5A	male organism|adult brain|right side of organism	LO_R_layer_5 on JRC2018Unisex	JRC2018Unisex_c
LO_R_layer_6	LO_R_layer_6	lobula layer 5B	male organism|adult brain|right side of organism	LO_R_layer_6 on JRC2018Unisex	JRC2018Unisex_c
LO_R_layer_7	LO_R_layer_7	lobula layer 6	male organism|adult brain|right side of organism	LO_R_layer_7 on JRC2018Unisex	JRC2018Unisex_c
LTct	LTct	lower tectulum	male organism|adult ventral nerve cord	LTct on JRC2018UnisexVNC	JRC2018UnisexVNC_c
LX(L)	LX(L)	lateral complex	male organism|adult brain|left side of organism	LX(L) on JRC2018Unisex	JRC2018Unisex_c
LX(R)	LX(R)	lateral complex	male organism|adult brain|right side of organism	LX(R) on JRC2018Unisex	JRC2018Unisex_c
LegNp(T1)(L)	LegNp(T1)(L)	adult T1 leg neuropil	male organism|adult ventral nerve cord|left side of organism	LegNp(T1)(L) on JRC2018UnisexVNC	JRC2018UnisexVNC_c
LegNp(T1)(R)	LegNp(T1)(R)	adult T1 leg neuropil	male organism|adult ventral nerve cord|right side of organism	LegNp(T1)(R) on JRC2018UnisexVNC	JRC2018UnisexVNC_c
LegNp(T2)(L)	LegNp(T2)(L)	adult T2 leg neuropil	male organism|adult ventral nerve cord|left side of organism	LegNp(T2)(L) on JRC2018UnisexVNC	JRC2018UnisexVNC_c
LegNp(T2)(R)	LegNp(T2)(R)	adult T2 leg neuropil	male organism|adult ventral nerve cord|right side of organism	LegNp(T2)(R) on JRC2018UnisexVNC	JRC2018UnisexVNC_c
LegNp(T3)(L)	LegNp(T3)(L)	adult T3 leg neuropil	male organism|adult ventral nerve cord|left side of organism	LegNp(T3)(L) on JRC2018UnisexVNC	JRC2018UnisexVNC_c
LegNp(T3)(R)	LegNp(T3)(R)	adult T3 leg neuropil	male organism|adult ventral nerve cord|right side of organism	LegNp(T3)(R) on JRC2018UnisexVNC	JRC2018UnisexVNC_c
MB(L)	MB(L)	adult mushroom body	male organism|adult brain|left side of organism	MB(L) on JRC2018Unisex	JRC2018Unisex_c
MB(R)	MB(R)	adult mushroom body	male organism|adult brain|right side of organism	MB(R) on JRC2018Unisex	JRC2018Unisex_c
ME(L)	ME(L)	medulla	male organism|adult brain|left side of organism	ME(L) on JRC2018Unisex	JRC2018Unisex_c
ME(R)	ME(R)	medulla	male organism|adult brain|right side of organism	ME(R) on JRC2018Unisex	JRC2018Unisex_c
ME_L_layer_01	ME_L_layer_01	medulla layer M1	male organism|adult brain|left side of organism	ME_L_layer_01 on JRC2018Unisex	JRC2018Unisex_c
ME_L_layer_02	ME_L_layer_02	medulla layer M2	male organism|adult brain|left side of organism	ME_L_layer_02 on JRC2018Unisex	JRC2018Unisex_c
ME_L_layer_03	ME_L_layer_03	medulla layer M3	male organism|adult brain|left side of organism	ME_L_layer_03 on JRC2018Unisex	JRC2018Unisex_c
ME_L_layer_04	ME_L_layer_04	medulla layer M4	male organism|adult brain|left side of organism	ME_L_layer_04 on JRC2018Unisex	JRC2018Unisex_c
ME_L_layer_05	ME_L_layer_05	medulla layer M5	male organism|adult brain|left side of organism	ME_L_layer_05 on JRC2018Unisex	JRC2018Unisex_c
ME_L_layer_06	ME_L_layer_06	medulla layer M6	male organism|adult brain|left side of organism	ME_L_layer_06 on JRC2018Unisex	JRC2018Unisex_c
ME_L_layer_07	ME_L_layer_07	medulla serpentine layer	male organism|adult brain|left side of organism	ME_L_layer_07 on JRC2018Unisex	JRC2018Unisex_c
ME_L_layer_08	ME_L_layer_08	medulla layer M8	male organism|adult brain|left side of organism	ME_L_layer_08 on JRC2018Unisex	JRC2018Unisex_c
ME_L_layer_09	ME_L_layer_09	medulla layer M9	male organism|adult brain|left side of organism	ME_L_layer_09 on JRC2018Unisex	JRC2018Unisex_c
ME_L_layer_10	ME_L_layer_10	medulla layer M10	male organism|adult brain|left side of organism	ME_L_layer_10 on JRC2018Unisex	JRC2018Unisex_c
ME_R_layer_01	ME_R_layer_01	medulla layer M1	male organism|adult brain|right side of organism	ME_R_layer_01 on JRC2018Unisex	JRC2018Unisex_c
ME_R_layer_02	ME_R_layer_02	medulla layer M2	male organism|adult brain|right side of organism	ME_R_layer_02 on JRC2018Unisex	JRC2018Unisex_c
ME_R_layer_03	ME_R_layer_03	medulla layer M3	male organism|adult brain|right side of organism	ME_R_layer_03 on JRC2018Unisex	JRC2018Unisex_c
ME_R_layer_04	ME_R_layer_04	medulla layer M4	male organism|adult brain|right side of organism	ME_R_layer_04 on JRC2018Unisex	JRC2018Unisex_c
ME_R_layer_05	ME_R_layer_05	medulla layer M5	male organism|adult brain|right side of organism	ME_R_layer_05 on JRC2018Unisex	JRC2018Unisex_c
ME_R_layer_06	ME_R_layer_06	medulla layer M6	male organism|adult brain|right side of organism	ME_R_layer_06 on JRC2018Unisex	JRC2018Unisex_c
ME_R_layer_07	ME_R_layer_07	medulla serpentine layer	male organism|adult brain|right side of organism	ME_R_layer_07 on JRC2018Unisex	JRC2018Unisex_c
ME_R_layer_08	ME_R_layer_08	medulla layer M8	male organism|adult brain|right side of organism	ME_R_layer_08 on JRC2018Unisex	JRC2018Unisex_c
ME_R_layer_09	ME_R_layer_09	medulla layer M9	male organism|adult brain|right side of organism	ME_R_layer_09 on JRC2018Unisex	JRC2018Unisex_c
ME_R_layer_10	ME_R_layer_10	medulla layer M10	male organism|adult brain|right side of organism	ME_R_layer_10 on JRC2018Unisex	JRC2018Unisex_c
MesoAN(L)	MesoAN(L)	adult mesothoracic accessory nerve	male organism|adult ventral nerve cord|left side of organism	MesoAN(L) on JRC2018UnisexVNC	JRC2018UnisexVNC_c
MesoAN(R)	MesoAN(R)	adult mesothoracic accessory nerve	male organism|adult ventral nerve cord|right side of organism	MesoAN(R) on JRC2018UnisexVNC	JRC2018UnisexVNC_c
MesoLN(L)	MesoLN(L)	adult mesothoracic leg nerve	male organism|adult ventral nerve cord|left side of organism	MesoLN(L) on JRC2018UnisexVNC	JRC2018UnisexVNC_c
MesoLN(R)	MesoLN(R)	adult mesothoracic leg nerve	male organism|adult ventral nerve cord|right side of organism	MesoLN(R) on JRC2018UnisexVNC	JRC2018UnisexVNC_c
MetaLN(L)	MetaLN(L)	adult metathoracic leg nerve	male organism|adult ventral nerve cord|left side of organism	MetaLN(L) on JRC2018UnisexVNC	JRC2018UnisexVNC_c
MetaLN(R)	MetaLN(R)	adult metathoracic leg nerve	male organism|adult ventral nerve cord|right side of organism	MetaLN(R) on JRC2018UnisexVNC	JRC2018UnisexVNC_c
NO	NO	nodulus	male organism|adult brain	NO on JRC2018Unisex	JRC2018Unisex_c
NO1(L)	NO1(L)	nodulus 1	male organism|adult brain|left side of organism	NO1(L) on JRC2018Unisex	JRC2018Unisex_c
NO1(R)	NO1(R)	nodulus 1	male organism|adult brain|right side of organism	NO1(R) on JRC2018Unisex	JRC2018Unisex_c
NO2(L)	NO2(L)	nodulus 2	male organism|adult brain|left side of organism	NO2(L) on JRC2018Unisex	JRC2018Unisex_c
NO2(R)	NO2(R)	nodulus 2	male organism|adult brain|right side of organism	NO2(R) on JRC2018Unisex	JRC2018Unisex_c
NO3(L)	NO3(L)	nodulus 3	male organism|adult brain|left side of organism	NO3(L) on JRC2018Unisex	JRC2018Unisex_c
NO3(R)	NO3(R)	nodulus 3	male organism|adult brain|right side of organism	NO3(R) on JRC2018Unisex	JRC2018Unisex_c
NTct(UTct-T1)(L)	NTct(UTct-T1)(L)	neck neuropil	male organism|adult ventral nerve cord|left side of organism	NTct(UTct-T1)(L) on JRC2018UnisexVNC	JRC2018UnisexVNC_c
NTct(UTct-T1)(R)	NTct(UTct-T1)(R)	neck neuropil	male organism|adult ventral nerve cord|right side of organism	NTct(UTct-T1)(R) on JRC2018UnisexVNC	JRC2018UnisexVNC_c
Optic(L)	Optic(L)	adult optic lobe	male organism|adult brain|left side of organism	Optic(L) on JRC2018Unisex	JRC2018Unisex_c
Optic(R)	Optic(R)	adult optic lobe	male organism|adult brain|right side of organism	Optic(R) on JRC2018Unisex	JRC2018Unisex_c
Ov(L)	Ov(L)	adult accessory mesothoracic neuropil	male organism|adult ventral nerve cord|left side of organism	Ov(L) on JRC2018UnisexVNC	JRC2018UnisexVNC_c
Ov(R)	Ov(R)	adult accessory mesothoracic neuropil	male organism|adult ventral nerve cord|right side of organism	Ov(R) on JRC2018UnisexVNC	JRC2018UnisexVNC_c
PB	PB	protocerebral bridge	male organism|adult brain	PB on JRC2018Unisex	JRC2018Unisex_c
PB(L1)	PB(L1)	protocerebral bridge glomerulus 1	male organism|adult brain|left side of organism	PB(L1) on JRC2018Unisex	JRC2018Unisex_c
PB(L2)	PB(L2)	protocerebral bridge glomerulus 2	male organism|adult brain|left side of organism	PB(L2) on JRC2018Unisex	JRC2018Unisex_c
PB(L3)	PB(L3)	protocerebral bridge glomerulus 3	male organism|adult brain|left side of organism	PB(L3) on JRC2018Unisex	JRC2018Unisex_c
PB(L4)	PB(L4)	protocerebral bridge glomerulus 4	male organism|adult brain|left side of organism	PB(L4) on JRC2018Unisex	JRC2018Unisex_c
PB(L5)	PB(L5)	protocerebral bridge glomerulus 5	male organism|adult brain|left side of organism	PB(L5) on JRC2018Unisex	JRC2018Unisex_c
PB(L6)	PB(L6)	protocerebral bridge glomerulus 6	male organism|adult brain|left side of organism	PB(L6) on JRC2018Unisex	JRC2018Unisex_c
PB(L7)	PB(L7)	protocerebral bridge glomerulus 7	male organism|adult brain|left side of organism	PB(L7) on JRC2018Unisex	JRC2018Unisex_c
PB(L8)	PB(L8)	protocerebral bridge glomerulus 8	male organism|adult brain|left side of organism	PB(L8) on JRC2018Unisex	JRC2018Unisex_c
PB(L9)	PB(L9)	protocerebral bridge glomerulus 9	male organism|adult brain|left side of organism	PB(L9) on JRC2018Unisex	JRC2018Unisex_c
PB(R1)	PB(R1)	protocerebral bridge glomerulus 1	male organism|adult brain|right side of organism	PB(R1) on JRC2018Unisex	JRC2018Unisex_c
PB(R2)	PB(R2)	protocerebral bridge glomerulus 2	male organism|adult brain|right side of organism	PB(R2) on JRC2018Unisex	JRC2018Unisex_c
PB(R3)	PB(R3)	protocerebral bridge glomerulus 3	male organism|adult brain|right side of organism	PB(R3) on JRC2018Unisex	JRC2018Unisex_c
PB(R4)	PB(R4)	protocerebral bridge glomerulus 4	male organism|adult brain|right side of organism	PB(R4) on JRC2018Unisex	JRC2018Unisex_c
PB(R5)	PB(R5)	protocerebral bridge glomerulus 5	male organism|adult brain|right side of organism	PB(R5) on JRC2018Unisex	JRC2018Unisex_c
PB(R6)	PB(R6)	protocerebral bridge glomerulus 6	male organism|adult brain|right side of organism	PB(R6) on JRC2018Unisex	JRC2018Unisex_c
PB(R7)	PB(R7)	protocerebral bridge glomerulus 7	male organism|adult brain|right side of organism	PB(R7) on JRC2018Unisex	JRC2018Unisex_c
PB(R8)	PB(R8)	protocerebral bridge glomerulus 8	male organism|adult brain|right side of organism	PB(R8) on JRC2018Unisex	JRC2018Unisex_c
PB(R9)	PB(R9)	protocerebral bridge glomerulus 9	male organism|adult brain|right side of organism	PB(R9) on JRC2018Unisex	JRC2018Unisex_c
PDMN(L)	PDMN(L)	adult posterior dorsal mesothoracic nerve	male organism|adult ventral nerve cord|left side of organism	PDMN(L) on JRC2018UnisexVNC	JRC2018UnisexVNC_c
PDMN(R)	PDMN(R)	adult posterior dorsal mesothoracic nerve	male organism|adult ventral nerve cord|right side of organism	PDMN(R) on JRC2018UnisexVNC	JRC2018UnisexVNC_c
PED(L)	PED(L)	mushroom body pedunculus	male organism|adult brain|left side of organism	PED(L) on JRC2018Unisex	JRC2018Unisex_c
PED(R)	PED(R)	mushroom body pedunculus	male organism|adult brain|right side of organism	PED(R) on JRC2018Unisex	JRC2018Unisex_c
PENP	PENP	adult periesophageal neuropils	male organism|adult brain	PENP on JRC2018Unisex	JRC2018Unisex_c
PLP(L)	PLP(L)	posterior lateral protocerebrum	male organism|adult brain|left side of organism	PLP(L) on JRC2018Unisex	JRC2018Unisex_c
PLP(R)	PLP(R)	posterior lateral protocerebrum	male organism|adult brain|right side of organism	PLP(R) on JRC2018Unisex	JRC2018Unisex_c
PRW	PRW	prow	male organism|adult brain	PRW on JRC2018Unisex	JRC2018Unisex_c
PVLP(L)	PVLP(L)	posterior ventrolateral protocerebrum	male organism|adult brain|left side of organism	PVLP(L) on JRC2018Unisex	JRC2018Unisex_c
PVLP(R)	PVLP(R)	posterior ventrolateral protocerebrum	male organism|adult brain|right side of organism	PVLP(R) on JRC2018Unisex	JRC2018Unisex_c
PrN(L)	PrN(L)	adult prosternal nerve	male organism|adult ventral nerve cord|left side of organism	PrN(L) on JRC2018UnisexVNC	JRC2018UnisexVNC_c
PrN(R)	PrN(R)	adult prosternal nerve	male organism|adult ventral nerve cord|right side of organism	PrN(R) on JRC2018UnisexVNC	JRC2018UnisexVNC_c
ProAN(L)	ProAN(L)	adult prothoracic accessory nerve	male organism|adult ventral nerve cord|left side of organism	ProAN(L) on JRC2018UnisexVNC	JRC2018UnisexVNC_c
ProAN(R)	ProAN(R)	adult prothoracic accessory nerve	male organism|adult ventral nerve cord|right side of organism	ProAN(R) on JRC2018UnisexVNC	JRC2018UnisexVNC_c
ProCN(L)	ProCN(L)	adult prothoracic chordotonal nerve	male organism|adult ventral nerve cord|left side of organism	ProCN(L) on JRC2018UnisexVNC	JRC2018UnisexVNC_c
ProCN(R)	ProCN(R)	adult prothoracic chordotonal nerve	male organism|adult ventral nerve cord|right side of organism	ProCN(R) on JRC2018UnisexVNC	JRC2018UnisexVNC_c
ProLN(L)	ProLN(L)	adult prothoracic leg nerve	male organism|adult ventral nerve cord|left side of organism	ProLN(L) on JRC2018UnisexVNC	JRC2018UnisexVNC_c
ProLN(R)	ProLN(R)	adult prothoracic leg nerve	male organism|adult ventral nerve cord|right side of organism	ProLN(R) on JRC2018UnisexVNC	JRC2018UnisexVNC_c
ROB(L)	ROB(L)	adult round body	male organism|adult brain|left side of organism	ROB(L) on JRC2018Unisex	JRC2018Unisex_c
ROB(R)	ROB(R)	adult round body	male organism|adult brain|right side of organism	ROB(R) on JRC2018Unisex	JRC2018Unisex_c
RUB(L)	RUB(L)	rubus	male organism|adult brain|left side of organism	RUB(L) on JRC2018Unisex	JRC2018Unisex_c
RUB(R)	RUB(R)	rubus	male organism|adult brain|right side of organism	RUB(R) on JRC2018Unisex	JRC2018Unisex_c
SAD	SAD	saddle	male organism|adult brain	SAD on JRC2018Unisex	JRC2018Unisex_c
SAD(-AMMC)	SAD(-AMMC)	saddle	male organism|adult brain	SAD(-AMMC) on JRC2018Unisex	JRC2018Unisex_c
SCL(L)	SCL(L)	superior clamp	male organism|adult brain|left side of organism	SCL(L) on JRC2018Unisex	JRC2018Unisex_c
SCL(R)	SCL(R)	superior clamp	male organism|adult brain|right side of organism	SCL(R) on JRC2018Unisex	JRC2018Unisex_c
SIP(L)	SIP(L)	superior intermediate protocerebrum	male organism|adult brain|left side of organism	SIP(L) on JRC2018Unisex	JRC2018Unisex_c
SIP(R)	SIP(R)	superior intermediate protocerebrum	male organism|adult brain|right side of organism	SIP(R) on JRC2018Unisex	JRC2018Unisex_c
SLP(L)	SLP(L)	superior lateral protocerebrum	male organism|adult brain|left side of organism	SLP(L) on JRC2018Unisex	JRC2018Unisex_c
SLP(R)	SLP(R)	superior lateral protocerebrum	male organism|adult brain|right side of organism	SLP(R) on JRC2018Unisex	JRC2018Unisex_c
SMP(L)	SMP(L)	superior medial protocerebrum	male organism|adult brain|left side of organism	SMP(L) on JRC2018Unisex	JRC2018Unisex_c
SMP(R)	SMP(R)	superior medial protocerebrum	male organism|adult brain|right side of organism	SMP(R) on JRC2018Unisex	JRC2018Unisex_c
SNP(L)	SNP(L)	superior neuropils	male organism|adult brain|left side of organism	SNP(L) on JRC2018Unisex	JRC2018Unisex_c
SNP(R)	SNP(R)	superior neuropils	male organism|adult brain|right side of organism	SNP(R) on JRC2018Unisex	JRC2018Unisex_c
SPS(L)	SPS(L)	superior posterior slope	male organism|adult brain|left side of organism	SPS(L) on JRC2018Unisex	JRC2018Unisex_c
SPS(R)	SPS(R)	superior posterior slope	male organism|adult brain|right side of organism	SPS(R) on JRC2018Unisex	JRC2018Unisex_c
VES(L)	VES(L)	vest	male organism|adult brain|left side of organism	VES(L) on JRC2018Unisex	JRC2018Unisex_c
VES(R)	VES(R)	vest	male organism|adult brain|right side of organism	VES(R) on JRC2018Unisex	JRC2018Unisex_c
VLNP(L)	VLNP(L)	ventrolateral neuropils	male organism|adult brain|left side of organism	VLNP(L) on JRC2018Unisex	JRC2018Unisex_c
VLNP(R)	VLNP(R)	ventrolateral neuropils	male organism|adult brain|right side of organism	VLNP(R) on JRC2018Unisex	JRC2018Unisex_c
VMNP	VMNP	ventromedial neuropils	male organism|adult brain	VMNP on JRC2018Unisex	JRC2018Unisex_c
VNC	VNC	adult ventral nerve cord	male organism|adult brain	VNC on JRC2018Unisex	JRC2018Unisex_c
VProN(L)	VProN(L)	adult ventral prothoracic nerve	male organism|adult ventral nerve cord|left side of organism	VProN(L) on JRC2018UnisexVNC	JRC2018UnisexVNC_c
VProN(R)	VProN(R)	adult ventral prothoracic nerve	male organism|adult ventral nerve cord|right side of organism	VProN(R) on JRC2018UnisexVNC	JRC2018UnisexVNC_c
WED(L)	WED(L)	wedge	male organism|adult brain|left side of organism	WED(L) on JRC2018Unisex	JRC2018Unisex_c
WED(R)	WED(R)	wedge	male organism|adult brain|right side of organism	WED(R) on JRC2018Unisex	JRC2018Unisex_c
WTct(UTct-T2)(L)	WTct(UTct-T2)(L)	wing neuropil	male organism|adult ventral nerve cord|left side of organism	WTct(UTct-T2)(L) on JRC2018UnisexVNC	JRC2018UnisexVNC_c
WTct(UTct-T2)(R)	WTct(UTct-T2)(R)	wing neuropil	male organism|adult ventral nerve cord|right side of organism	WTct(UTct-T2)(R) on JRC2018UnisexVNC	JRC2018UnisexVNC_c
a'1(L)	a'1(L)	mushroom body alpha' lobe slice 1	male organism|adult brain|left side of organism	a'1(L) on JRC2018Unisex	JRC2018Unisex_c
a'1(R)	a'1(R)	mushroom body alpha' lobe slice 1	male organism|adult brain|right side of organism	a'1(R) on JRC2018Unisex	JRC2018Unisex_c
a'2(L)	a'2(L)	mushroom body alpha' lobe slice 2	male organism|adult brain|left side of organism	a'2(L) on JRC2018Unisex	JRC2018Unisex_c
a'2(R)	a'2(R)	mushroom body alpha' lobe slice 2	male organism|adult brain|right side of organism	a'2(R) on JRC2018Unisex	JRC2018Unisex_c
a'3(L)	a'3(L)	mushroom body alpha' lobe slice 3	male organism|adult brain|left side of organism	a'3(L) on JRC2018Unisex	JRC2018Unisex_c
a'3(R)	a'3(R)	mushroom body alpha' lobe slice 3	male organism|adult brain|right side of organism	a'3(R) on JRC2018Unisex	JRC2018Unisex_c
a'L(L)	a'L(L)	adult mushroom body alpha'-lobe	male organism|adult brain|left side of organism	a'L(L) on JRC2018Unisex	JRC2018Unisex_c
a'L(R)	a'L(R)	adult mushroom body alpha'-lobe	male organism|adult brain|right side of organism	a'L(R) on JRC2018Unisex	JRC2018Unisex_c
a1(L)	a1(L)	mushroom body alpha lobe slice 1	male organism|adult brain|left side of organism	a1(L) on JRC2018Unisex	JRC2018Unisex_c
a1(R)	a1(R)	mushroom body alpha lobe slice 1	male organism|adult brain|right side of organism	a1(R) on JRC2018Unisex	JRC2018Unisex_c
a2(L)	a2(L)	mushroom body alpha lobe slice 2	male organism|adult brain|left side of organism	a2(L) on JRC2018Unisex	JRC2018Unisex_c
a2(R)	a2(R)	mushroom body alpha lobe slice 2	male organism|adult brain|right side of organism	a2(R) on JRC2018Unisex	JRC2018Unisex_c
a3(L)	a3(L)	mushroom body alpha lobe slice 3	male organism|adult brain|left side of organism	a3(L) on JRC2018Unisex	JRC2018Unisex_c
a3(R)	a3(R)	mushroom body alpha lobe slice 3	male organism|adult brain|right side of organism	a3(R) on JRC2018Unisex	JRC2018Unisex_c
aL(L)	aL(L)	adult mushroom body alpha-lobe	male organism|adult brain|left side of organism	aL(L) on JRC2018Unisex	JRC2018Unisex_c
aL(R)	aL(R)	adult mushroom body alpha-lobe	male organism|adult brain|right side of organism	aL(R) on JRC2018Unisex	JRC2018Unisex_c
b'1(L)	b'1(L)	mushroom body beta' lobe slice 1	male organism|adult brain|left side of organism	b'1(L) on JRC2018Unisex	JRC2018Unisex_c
b'1(R)	b'1(R)	mushroom body beta' lobe slice 1	male organism|adult brain|right side of organism	b'1(R) on JRC2018Unisex	JRC2018Unisex_c
b'2(L)	b'2(L)	mushroom body beta' lobe slice 2	male organism|adult brain|left side of organism	b'2(L) on JRC2018Unisex	JRC2018Unisex_c
b'2(R)	b'2(R)	mushroom body beta' lobe slice 2	male organism|adult brain|right side of organism	b'2(R) on JRC2018Unisex	JRC2018Unisex_c
b'L(L)	b'L(L)	adult mushroom body beta'-lobe	male organism|adult brain|left side of organism	b'L(L) on JRC2018Unisex	JRC2018Unisex_c
b'L(R)	b'L(R)	adult mushroom body beta'-lobe	male organism|adult brain|right side of organism	b'L(R) on JRC2018Unisex	JRC2018Unisex_c
b1(L)	b1(L)	mushroom body beta lobe slice 1	male organism|adult brain|left side of organism	b1(L) on JRC2018Unisex	JRC2018Unisex_c
b1(R)	b1(R)	mushroom body beta lobe slice 1	male organism|adult brain|right side of organism	b1(R) on JRC2018Unisex	JRC2018Unisex_c
b2(L)	b2(L)	mushroom body beta lobe slice 2	male organism|adult brain|left side of organism	b2(L) on JRC2018Unisex	JRC2018Unisex_c
b2(R)	b2(R)	mushroom body beta lobe slice 2	male organism|adult brain|right side of organism	b2(R) on JRC2018Unisex	JRC2018Unisex_c
bL(L)	bL(L)	adult mushroom body beta-lobe	male organism|adult brain|left side of organism	bL(L) on JRC2018Unisex	JRC2018Unisex_c
bL(R)	bL(R)	adult mushroom body beta-lobe	male organism|adult brain|right side of organism	bL(R) on JRC2018Unisex	JRC2018Unisex_c
g1(L)	g1(L)	mushroom body gamma lobe slice 1	male organism|adult brain|left side of organism	g1(L) on JRC2018Unisex	JRC2018Unisex_c
g1(R)	g1(R)	mushroom body gamma lobe slice 1	male organism|adult brain|right side of organism	g1(R) on JRC2018Unisex	JRC2018Unisex_c
g2(L)	g2(L)	mushroom body gamma lobe slice 2	male organism|adult brain|left side of organism	g2(L) on JRC2018Unisex	JRC2018Unisex_c
g2(R)	g2(R)	mushroom body gamma lobe slice 2	male organism|adult brain|right side of organism	g2(R) on JRC2018Unisex	JRC2018Unisex_c
g3(L)	g3(L)	mushroom body gamma lobe slice 3	male organism|adult brain|left side of organism	g3(L) on JRC2018Unisex	JRC2018Unisex_c
g3(R)	g3(R)	mushroom body gamma lobe slice 3	male organism|adult brain|right side of organism	g3(R) on JRC2018Unisex	JRC2018Unisex_c
g4(L)	g4(L)	mushroom body gamma lobe slice 4	male organism|adult brain|left side of organism	g4(L) on JRC2018Unisex	JRC2018Unisex_c
g4(R)	g4(R)	mushroom body gamma lobe slice 4	male organism|adult brain|right side of organism	g4(R) on JRC2018Unisex	JRC2018Unisex_c
g5(L)	g5(L)	mushroom body gamma lobe slice 5	male organism|adult brain|left side of organism	g5(L) on JRC2018Unisex	JRC2018Unisex_c
g5(R)	g5(R)	mushroom body gamma lobe slice 5	male organism|adult brain|right side of organism	g5(R) on JRC2018Unisex	JRC2018Unisex_c
gL(L)	gL(L)	adult mushroom body gamma-lobe	male organism|adult brain|left side of organism	gL(L) on JRC2018Unisex	JRC2018Unisex_c
gL(R)	gL(R)	adult mushroom body gamma-lobe	male organism|adult brain|right side of organism	gL(R) on JRC2018Unisex	JRC2018Unisex_c
mVAC(T1)(L)	mVAC(T1)(L)	medial ventral association center	male organism|adult ventral nerve cord|left side of organism	mVAC(T1)(L) on JRC2018UnisexVNC	JRC2018UnisexVNC_c
mVAC(T1)(R)	mVAC(T1)(R)	medial ventral association center	male organism|adult ventral nerve cord|right side of organism	mVAC(T1)(R) on JRC2018UnisexVNC	JRC2018UnisexVNC_c
mVAC(T2)(L)	mVAC(T2)(L)	medial ventral association center	male organism|adult ventral nerve cord|left side of organism	mVAC(T2)(L) on JRC2018UnisexVNC	JRC2018UnisexVNC_c
mVAC(T2)(R)	mVAC(T2)(R)	medial ventral association center	male organism|adult ventral nerve cord|right side of organism	mVAC(T2)(R) on JRC2018UnisexVNC	JRC2018UnisexVNC_c
mVAC(T3)(L)	mVAC(T3)(L)	medial ventral association center	male organism|adult ventral nerve cord|left side of organism	mVAC(T3)(L) on JRC2018UnisexVNC	JRC2018UnisexVNC_c
mVAC(T3)(R)	mVAC(T3)(R)	medial ventral association center	male organism|adult ventral nerve cord|right side of organism	mVAC(T3)(R) on JRC2018UnisexVNC	JRC2018UnisexVNC_c
