subject_id	object	pub	relation	comment	subject_name
VFB_jrmc2uj2	primary neuron	doi:10.1101/2025.10.09.680999	is_a	male-cns:v1.0 260821	GNG656_R (MaleCNS:17754)
VFB_jrmc2uj3	primary neuron	doi:10.1101/2025.10.09.680999	is_a	male-cns:v1.0 260821	GNG656_L (MaleCNS:17941)
VFB_jrmc2uj4	primary neuron	doi:10.1101/2025.10.09.680999	is_a	male-cns:v1.0 260821	GNG656_R (MaleCNS:513814)
VFB_jrmc2uj5	primary neuron	doi:10.1101/2025.10.09.680999	is_a	male-cns:v1.0 260821	GNG656_L (MaleCNS:16428)
VFB_jrmc2hhv	primary neuron	doi:10.1101/2025.10.09.680999	is_a	male-cns:v1.0 260821	IPC_L (MaleCNS:512736)
VFB_jrmc1ikk	primary neuron	doi:10.1101/2025.10.09.680999	is_a	male-cns:v1.0 260821	PI3_L (MaleCNS:33481)
VFB_jrmc37kt	primary neuron	doi:10.1101/2025.10.09.680999	is_a	male-cns:v1.0 260821	DMS_R (MaleCNS:14105)
VFB_jrmc2hhw	primary neuron	doi:10.1101/2025.10.09.680999	is_a	male-cns:v1.0 260821	IPC_R (MaleCNS:11052)
VFB_jrmc1ikl	primary neuron	doi:10.1101/2025.10.09.680999	is_a	male-cns:v1.0 260821	PI3_L (MaleCNS:16640)
VFB_jrmc37ig	primary neuron	doi:10.1101/2025.10.09.680999	is_a	male-cns:v1.0 260821	DH44_R (MaleCNS:10812)
VFB_jrmc37ih	primary neuron	doi:10.1101/2025.10.09.680999	is_a	male-cns:v1.0 260821	DH44_L (MaleCNS:10665)
VFB_jrmc37ii	primary neuron	doi:10.1101/2025.10.09.680999	is_a	male-cns:v1.0 260821	DH44_R (MaleCNS:11162)
VFB_jrmc37ij	primary neuron	doi:10.1101/2025.10.09.680999	is_a	male-cns:v1.0 260821	DH44_L (MaleCNS:11767)
VFB_jrmc37ik	primary neuron	doi:10.1101/2025.10.09.680999	is_a	male-cns:v1.0 260821	DH44_R (MaleCNS:555767)
VFB_jrmc2hi1	primary neuron	doi:10.1101/2025.10.09.680999	is_a	male-cns:v1.0 260821	IPC_R (MaleCNS:10911)
VFB_jrmc2hi2	primary neuron	doi:10.1101/2025.10.09.680999	is_a	male-cns:v1.0 260821	IPC_R (MaleCNS:11209)
VFB_jrmc1ikm	primary neuron	doi:10.1101/2025.10.09.680999	is_a	male-cns:v1.0 260821	PI3_R (MaleCNS:534739)
VFB_jrmc2hi3	primary neuron	doi:10.1101/2025.10.09.680999	is_a	male-cns:v1.0 260821	IPC_R (MaleCNS:567407)
VFB_jrmc2hhx	primary neuron	doi:10.1101/2025.10.09.680999	is_a	male-cns:v1.0 260821	IPC_R (MaleCNS:10758)
VFB_jrmc2hhy	primary neuron	doi:10.1101/2025.10.09.680999	is_a	male-cns:v1.0 260821	IPC_L (MaleCNS:12330)
VFB_jrmc2hhz	primary neuron	doi:10.1101/2025.10.09.680999	is_a	male-cns:v1.0 260821	IPC_L (MaleCNS:12867)
VFB_jrmc2hi0	primary neuron	doi:10.1101/2025.10.09.680999	is_a	male-cns:v1.0 260821	IPC_R (MaleCNS:13216)
VFB_jrmc3f66	primary neuron	doi:10.1101/2025.10.09.680999	is_a	male-cns:v1.0 260821	CAPA_R (MaleCNS:11585)
VFB_jrmc2umr	primary neuron	doi:10.1101/2025.10.09.680999	is_a	male-cns:v1.0 260821	Hugin-RG_L (MaleCNS:17819)
VFB_jrmc2ums	primary neuron	doi:10.1101/2025.10.09.680999	is_a	male-cns:v1.0 260821	Hugin-RG_R (MaleCNS:124747)
VFB_jrmc37kw	primary neuron	doi:10.1101/2025.10.09.680999	is_a	male-cns:v1.0 260821	DMS_R (MaleCNS:11494)
VFB_jrmc37kx	primary neuron	doi:10.1101/2025.10.09.680999	is_a	male-cns:v1.0 260821	DMS_R (MaleCNS:11668)
VFB_jrmc1ikn	primary neuron	doi:10.1101/2025.10.09.680999	is_a	male-cns:v1.0 260821	PI3_R (MaleCNS:512557)
VFB_jrmc37il	primary neuron	doi:10.1101/2025.10.09.680999	is_a	male-cns:v1.0 260821	DH44_L (MaleCNS:10086)
VFB_jrmc37ku	primary neuron	doi:10.1101/2025.10.09.680999	is_a	male-cns:v1.0 260821	DMS_L (MaleCNS:11464)
VFB_jrmc37kv	primary neuron	doi:10.1101/2025.10.09.680999	is_a	male-cns:v1.0 260821	DMS_L (MaleCNS:568174)
VFB_jrmc2hi4	primary neuron	doi:10.1101/2025.10.09.680999	is_a	male-cns:v1.0 260821	IPC_L (MaleCNS:11284)
VFB_jrmc2hi5	primary neuron	doi:10.1101/2025.10.09.680999	is_a	male-cns:v1.0 260821	IPC_R (MaleCNS:11946)
VFB_jrmc2hi8	primary neuron	doi:10.1101/2025.10.09.680999	is_a	male-cns:v1.0 260821	IPC_R (MaleCNS:555768)
VFB_jrmc37ky	primary neuron	doi:10.1101/2025.10.09.680999	is_a	male-cns:v1.0 260821	DMS_L (MaleCNS:11350)
VFB_jrmc1ikp	primary neuron	doi:10.1101/2025.10.09.680999	is_a	male-cns:v1.0 260821	PI3_R (MaleCNS:19243)
VFB_jrmc2hi9	primary neuron	doi:10.1101/2025.10.09.680999	is_a	male-cns:v1.0 260821	IPC_R (MaleCNS:12400)
VFB_jrmc1ikq	primary neuron	doi:10.1101/2025.10.09.680999	is_a	male-cns:v1.0 260821	PI3_L (MaleCNS:22849)
VFB_jrmc1ikr	primary neuron	doi:10.1101/2025.10.09.680999	is_a	male-cns:v1.0 260821	PI3_R (MaleCNS:28150)
VFB_jrmc1iko	primary neuron	doi:10.1101/2025.10.09.680999	is_a	male-cns:v1.0 260821	PI3_R (MaleCNS:13493)
VFB_jrmc2hia	primary neuron	doi:10.1101/2025.10.09.680999	is_a	male-cns:v1.0 260821	IPC_L (MaleCNS:13712)
VFB_jrmc2umt	primary neuron	doi:10.1101/2025.10.09.680999	is_a	male-cns:v1.0 260821	Hugin-RG_R (MaleCNS:18794)
VFB_jrmc2hi6	primary neuron	doi:10.1101/2025.10.09.680999	is_a	male-cns:v1.0 260821	IPC_L (MaleCNS:12921)
VFB_jrmc2umu	primary neuron	doi:10.1101/2025.10.09.680999	is_a	male-cns:v1.0 260821	Hugin-RG_L (MaleCNS:18865)
VFB_jrmc3f67	primary neuron	doi:10.1101/2025.10.09.680999	is_a	male-cns:v1.0 260821	CAPA_L (MaleCNS:10981)
VFB_jrmc2hi7	primary neuron	doi:10.1101/2025.10.09.680999	is_a	male-cns:v1.0 260821	IPC_L (MaleCNS:12523)
VFB_jrmc2tlz	primary neuron	doi:10.1101/2025.10.09.680999	is_a	male-cns:v1.0 260821	GNG216_L (MaleCNS:512731)
VFB_jrmc2td5	primary neuron	doi:10.1101/2025.10.09.680999	is_a	male-cns:v1.0 260821	GNG057_L (MaleCNS:524610)
VFB_jrmc2tqf	primary neuron	doi:10.1101/2025.10.09.680999	is_a	male-cns:v1.0 260821	GNG288_L (MaleCNS:11183)
VFB_jrmc2u8n	primary neuron	doi:10.1101/2025.10.09.680999	is_a	male-cns:v1.0 260821	GNG498_R (MaleCNS:13856)
VFB_jrmc2tly	primary neuron	doi:10.1101/2025.10.09.680999	is_a	male-cns:v1.0 260821	GNG216_R (MaleCNS:14178)
VFB_jrmc2tms	primary neuron	doi:10.1101/2025.10.09.680999	is_a	male-cns:v1.0 260821	GNG231_R (MaleCNS:14566)
VFB_jrmc2u8o	primary neuron	doi:10.1101/2025.10.09.680999	is_a	male-cns:v1.0 260821	GNG498_L (MaleCNS:15836)
VFB_jrmc2tuf	primary neuron	doi:10.1101/2025.10.09.680999	is_a	male-cns:v1.0 260821	GNG341_R (MaleCNS:20770)
VFB_jrmc2tug	primary neuron	doi:10.1101/2025.10.09.680999	is_a	male-cns:v1.0 260821	GNG341_L (MaleCNS:44423)
VFB_jrmc2tmw	primary neuron	doi:10.1101/2025.10.09.680999	is_a	male-cns:v1.0 260821	GNG233_L (MaleCNS:50967)
VFB_jrmc2tmx	primary neuron	doi:10.1101/2025.10.09.680999	is_a	male-cns:v1.0 260821	GNG233_R (MaleCNS:53635)
VFB_jrmc2td6	primary neuron	doi:10.1101/2025.10.09.680999	is_a	male-cns:v1.0 260821	GNG057_R (MaleCNS:14289)
VFB_jrmc2u21	primary neuron	doi:10.1101/2025.10.09.680999	is_a	male-cns:v1.0 260821	GNG423_R (MaleCNS:16172)
VFB_jrmc2tqg	primary neuron	doi:10.1101/2025.10.09.680999	is_a	male-cns:v1.0 260821	GNG288_R (MaleCNS:13185)
VFB_jrmc3j89	primary neuron	doi:10.1101/2025.10.09.680999	is_a	male-cns:v1.0 260821	AVLP615_L (MaleCNS:520190)
VFB_jrmc00om	primary neuron	doi:10.1101/2025.10.09.680999	is_a	male-cns:v1.0 260821	WED193_R (MaleCNS:10709)
VFB_jrmc2u22	primary neuron	doi:10.1101/2025.10.09.680999	is_a	male-cns:v1.0 260821	GNG423_L (MaleCNS:12906)
VFB_jrmc2tmt	primary neuron	doi:10.1101/2025.10.09.680999	is_a	male-cns:v1.0 260821	GNG231_L (MaleCNS:16026)
VFB_jrmc00on	primary neuron	doi:10.1101/2025.10.09.680999	is_a	male-cns:v1.0 260821	WED193_L (MaleCNS:23307)
VFB_jrmc2tgm	primary neuron	doi:10.1101/2025.10.09.680999	is_a	male-cns:v1.0 260821	GNG122_R (MaleCNS:13844)
VFB_jrmc2u23	primary neuron	doi:10.1101/2025.10.09.680999	is_a	male-cns:v1.0 260821	GNG423_L (MaleCNS:11234)
VFB_jrmc2ti5	primary neuron	doi:10.1101/2025.10.09.680999	is_a	male-cns:v1.0 260821	GNG150_R (MaleCNS:28332)
VFB_jrmc2ti6	primary neuron	doi:10.1101/2025.10.09.680999	is_a	male-cns:v1.0 260821	GNG150_L (MaleCNS:521306)
VFB_jrmc2u8e	primary neuron	doi:10.1101/2025.10.09.680999	is_a	male-cns:v1.0 260821	GNG494_R (MaleCNS:10806)
VFB_jrmc3j8a	primary neuron	doi:10.1101/2025.10.09.680999	is_a	male-cns:v1.0 260821	AVLP615(hb2071241779)_R (MaleCNS:11110)
VFB_jrmc2u8f	primary neuron	doi:10.1101/2025.10.09.680999	is_a	male-cns:v1.0 260821	GNG494_L (MaleCNS:396599)
VFB_jrmc2tgn	primary neuron	doi:10.1101/2025.10.09.680999	is_a	male-cns:v1.0 260821	GNG122_L (MaleCNS:588857)
VFB_jrmc2zzr	primary neuron	doi:10.1101/2025.10.09.680999	is_a	male-cns:v1.0 260821	FB1C_L (MaleCNS:539227)
VFB_jrmc1bml	primary neuron	doi:10.1101/2025.10.09.680999	is_a	male-cns:v1.0 260821	SIP102m_L (MaleCNS:531867)
VFB_jrmc1ng0	primary neuron	doi:10.1101/2025.10.09.680999	is_a	male-cns:v1.0 260821	OA-VUMa1_M (MaleCNS:10110)
VFB_jrmc21xq	primary neuron	doi:10.1101/2025.10.09.680999	is_a	male-cns:v1.0 260821	LHCENT6_R (MaleCNS:12572)
VFB_jrmc21xp	primary neuron	doi:10.1101/2025.10.09.680999	is_a	male-cns:v1.0 260821	LHCENT6_L (MaleCNS:12343)
VFB_jrmc0016	primary neuron	doi:10.1101/2025.10.09.680999	is_a	male-cns:v1.0 260821	VM6_adPN_R (MaleCNS:520916)
VFB_jrmc300j	primary neuron	doi:10.1101/2025.10.09.680999	is_a	male-cns:v1.0 260821	FB2A_L (MaleCNS:25529)
VFB_jrmc37in	primary neuron	doi:10.1101/2025.10.09.680999	is_a	male-cns:v1.0 260821	DL1_adPN_R (MaleCNS:12782)
VFB_jrmc3j62	primary neuron	doi:10.1101/2025.10.09.680999	is_a	male-cns:v1.0 260821	AVLP574_R (MaleCNS:14483)
VFB_jrmc306a	primary neuron	doi:10.1101/2025.10.09.680999	is_a	male-cns:v1.0 260821	FB4Y_R (MaleCNS:23601)
VFB_jrmc0002	primary neuron	doi:10.1101/2025.10.09.680999	is_a	male-cns:v1.0 260821	VL2p_adPN_R (MaleCNS:10522)
VFB_jrmc2tcj	primary neuron	doi:10.1101/2025.10.09.680999	is_a	male-cns:v1.0 260821	GNG046_R (MaleCNS:12533)
VFB_jrmc21xo	primary neuron	doi:10.1101/2025.10.09.680999	is_a	male-cns:v1.0 260821	LHCENT5_L (MaleCNS:12454)
VFB_jrmc073o	primary neuron	doi:10.1101/2025.10.09.680999	is_a	male-cns:v1.0 260821	VA6_adPN_L (MaleCNS:10877)
VFB_jrmc073a	primary neuron	doi:10.1101/2025.10.09.680999	is_a	male-cns:v1.0 260821	VA2_adPN_R (MaleCNS:10390)
VFB_jrmc2tqx	primary neuron	doi:10.1101/2025.10.09.680999	is_a	male-cns:v1.0 260821	GNG299_M (MaleCNS:11377)
VFB_jrmc02ab	primary neuron	doi:10.1101/2025.10.09.680999	is_a	male-cns:v1.0 260821	aMe23_R (MaleCNS:23376)
VFB_jrmc37hw	primary neuron	doi:10.1101/2025.10.09.680999	is_a	male-cns:v1.0 260821	DC1_adPN_R (MaleCNS:10569)
VFB_jrmc21wq	primary neuron	doi:10.1101/2025.10.09.680999	is_a	male-cns:v1.0 260821	LHCENT1_L (MaleCNS:12162)
VFB_jrmc3j6d	primary neuron	doi:10.1101/2025.10.09.680999	is_a	male-cns:v1.0 260821	AVLP578_L (MaleCNS:14737)
VFB_jrmc1nga	primary neuron	doi:10.1101/2025.10.09.680999	is_a	male-cns:v1.0 260821	OA-VUMa6(OA-VUMa7)_M (MaleCNS:10168)
VFB_jrmc3j5x	primary neuron	doi:10.1101/2025.10.09.680999	is_a	male-cns:v1.0 260821	AVLP572_R (MaleCNS:10325)
VFB_jrmc37hs	primary neuron	doi:10.1101/2025.10.09.680999	is_a	male-cns:v1.0 260821	DA4l_adPN_L (MaleCNS:12840)
VFB_jrmc3j7v	primary neuron	doi:10.1101/2025.10.09.680999	is_a	male-cns:v1.0 260821	AVLP610_R (MaleCNS:11125)
VFB_jrmc305a	primary neuron	doi:10.1101/2025.10.09.680999	is_a	male-cns:v1.0 260821	FB4M(PPM3-FB3/4-NO-DAN)_L (MaleCNS:44903)
VFB_jrmc2zys	primary neuron	doi:10.1101/2025.10.09.680999	is_a	male-cns:v1.0 260821	ExR1_R (MaleCNS:11886)
VFB_jrmc21xh	primary neuron	doi:10.1101/2025.10.09.680999	is_a	male-cns:v1.0 260821	LHCENT2_L (MaleCNS:519692)
VFB_jrmc000g	primary neuron	doi:10.1101/2025.10.09.680999	is_a	male-cns:v1.0 260821	VM3_adPN_L (MaleCNS:12057)
VFB_jrmc37io	primary neuron	doi:10.1101/2025.10.09.680999	is_a	male-cns:v1.0 260821	DL1_adPN_L (MaleCNS:12061)
VFB_jrmc37k7	primary neuron	doi:10.1101/2025.10.09.680999	is_a	male-cns:v1.0 260821	DM3_adPN_R (MaleCNS:11469)
VFB_jrmc3069	primary neuron	doi:10.1101/2025.10.09.680999	is_a	male-cns:v1.0 260821	FB4Y_L (MaleCNS:13559)
VFB_jrmc000j	primary neuron	doi:10.1101/2025.10.09.680999	is_a	male-cns:v1.0 260821	VM4_adPN_L (MaleCNS:13356)
VFB_jrmc300i	primary neuron	doi:10.1101/2025.10.09.680999	is_a	male-cns:v1.0 260821	FB2A_R (MaleCNS:21519)
VFB_jrmc37jq	primary neuron	doi:10.1101/2025.10.09.680999	is_a	male-cns:v1.0 260821	DL5_adPN_R (MaleCNS:525105)
VFB_jrmc2zzg	primary neuron	doi:10.1101/2025.10.09.680999	is_a	male-cns:v1.0 260821	ExR8_R (MaleCNS:520210)
VFB_jrmc37ho	primary neuron	doi:10.1101/2025.10.09.680999	is_a	male-cns:v1.0 260821	DA3_adPN_L (MaleCNS:17924)
VFB_jrmc37jp	primary neuron	doi:10.1101/2025.10.09.680999	is_a	male-cns:v1.0 260821	DL5_adPN_L (MaleCNS:10767)
VFB_jrmc21xn	primary neuron	doi:10.1101/2025.10.09.680999	is_a	male-cns:v1.0 260821	LHCENT5_R (MaleCNS:12732)
VFB_jrmc2u9f	primary neuron	doi:10.1101/2025.10.09.680999	is_a	male-cns:v1.0 260821	GNG512_L (MaleCNS:513863)
VFB_jrmc3057	primary neuron	doi:10.1101/2025.10.09.680999	is_a	male-cns:v1.0 260821	FB4M(PPM3-FB3/4-NO-DAN)_R (MaleCNS:15888)
VFB_jrmc073r	primary neuron	doi:10.1101/2025.10.09.680999	is_a	male-cns:v1.0 260821	VA7l_adPN_R (MaleCNS:10198)
VFB_jrmc3058	primary neuron	doi:10.1101/2025.10.09.680999	is_a	male-cns:v1.0 260821	FB4M(PPM3-FB3/4-NO-DAN)_R (MaleCNS:12333)
VFB_jrmc3j63	primary neuron	doi:10.1101/2025.10.09.680999	is_a	male-cns:v1.0 260821	AVLP574_L (MaleCNS:14730)
VFB_jrmc3067	primary neuron	doi:10.1101/2025.10.09.680999	is_a	male-cns:v1.0 260821	FB4Y_L (MaleCNS:517548)
VFB_jrmc1ng6	primary neuron	doi:10.1101/2025.10.09.680999	is_a	male-cns:v1.0 260821	OA-VUMa4_M (MaleCNS:11005)
VFB_jrmc21xv	primary neuron	doi:10.1101/2025.10.09.680999	is_a	male-cns:v1.0 260821	LHCENT9_R (MaleCNS:12037)
VFB_jrmc2zyt	primary neuron	doi:10.1101/2025.10.09.680999	is_a	male-cns:v1.0 260821	ExR1_L (MaleCNS:12656)
VFB_jrmc21xu	primary neuron	doi:10.1101/2025.10.09.680999	is_a	male-cns:v1.0 260821	LHCENT8_R (MaleCNS:11174)
VFB_jrmc2u9g	primary neuron	doi:10.1101/2025.10.09.680999	is_a	male-cns:v1.0 260821	GNG512_R (MaleCNS:13215)
VFB_jrmc3j60	primary neuron	doi:10.1101/2025.10.09.680999	is_a	male-cns:v1.0 260821	AVLP573_L (MaleCNS:12940)
VFB_jrmc3hpi	primary neuron	doi:10.1101/2025.10.09.680999	is_a	male-cns:v1.0 260821	AOTU103m_L (MaleCNS:553807)
VFB_jrmc3j6e	primary neuron	doi:10.1101/2025.10.09.680999	is_a	male-cns:v1.0 260821	AVLP578_R (MaleCNS:13789)
VFB_jrmc3054	primary neuron	doi:10.1101/2025.10.09.680999	is_a	male-cns:v1.0 260821	FB4L_R (MaleCNS:36423)
VFB_jrmc2zyw	primary neuron	doi:10.1101/2025.10.09.680999	is_a	male-cns:v1.0 260821	ExR2_R (MaleCNS:38706)
VFB_jrmc2tso	primary neuron	doi:10.1101/2025.10.09.680999	is_a	male-cns:v1.0 260821	GNG321(hb582372162)_L (MaleCNS:11038)
VFB_jrmc2zzc	primary neuron	doi:10.1101/2025.10.09.680999	is_a	male-cns:v1.0 260821	ExR7_R (MaleCNS:11340)
VFB_jrmc1ng3	primary neuron	doi:10.1101/2025.10.09.680999	is_a	male-cns:v1.0 260821	OA-VUMa3_M (MaleCNS:10080)
VFB_jrmc073b	primary neuron	doi:10.1101/2025.10.09.680999	is_a	male-cns:v1.0 260821	VA2_adPN_L (MaleCNS:10561)
VFB_jrmc3hph	primary neuron	doi:10.1101/2025.10.09.680999	is_a	male-cns:v1.0 260821	AOTU103m_R (MaleCNS:11196)
VFB_jrmc300h	primary neuron	doi:10.1101/2025.10.09.680999	is_a	male-cns:v1.0 260821	FB2A_R (MaleCNS:523775)
VFB_jrmc2zzb	primary neuron	doi:10.1101/2025.10.09.680999	is_a	male-cns:v1.0 260821	ExR7_R (MaleCNS:522972)
VFB_jrmc37hp	primary neuron	doi:10.1101/2025.10.09.680999	is_a	male-cns:v1.0 260821	DA3_adPN_R (MaleCNS:522377)
VFB_jrmc3j5v	primary neuron	doi:10.1101/2025.10.09.680999	is_a	male-cns:v1.0 260821	AVLP571_L (MaleCNS:10792)
VFB_jrmc294v	primary neuron	doi:10.1101/2025.10.09.680999	is_a	male-cns:v1.0 260821	LHAV2d1_L (MaleCNS:11956)
VFB_jrmc3j67	primary neuron	doi:10.1101/2025.10.09.680999	is_a	male-cns:v1.0 260821	AVLP576_L (MaleCNS:12148)
VFB_jrmc37hn	primary neuron	doi:10.1101/2025.10.09.680999	is_a	male-cns:v1.0 260821	DA3_adPN_R (MaleCNS:515549)
VFB_jrmc3j65	primary neuron	doi:10.1101/2025.10.09.680999	is_a	male-cns:v1.0 260821	AVLP575_L (MaleCNS:11985)
VFB_jrmc2zyy	primary neuron	doi:10.1101/2025.10.09.680999	is_a	male-cns:v1.0 260821	ExR2_R (MaleCNS:515933)
VFB_jrmc3j7u	primary neuron	doi:10.1101/2025.10.09.680999	is_a	male-cns:v1.0 260821	AVLP609_L (MaleCNS:10407)
VFB_jrmc3j5w	primary neuron	doi:10.1101/2025.10.09.680999	is_a	male-cns:v1.0 260821	AVLP571_R (MaleCNS:13085)
VFB_jrmc300k	primary neuron	doi:10.1101/2025.10.09.680999	is_a	male-cns:v1.0 260821	FB2A_L (MaleCNS:35293)
VFB_jrmc21ww	primary neuron	doi:10.1101/2025.10.09.680999	is_a	male-cns:v1.0 260821	LHCENT11_L (MaleCNS:10678)
VFB_jrmc2zzd	primary neuron	doi:10.1101/2025.10.09.680999	is_a	male-cns:v1.0 260821	ExR7_L (MaleCNS:20233)
VFB_jrmc3f9v	primary neuron	doi:10.1101/2025.10.09.680999	is_a	male-cns:v1.0 260821	CB0477_L (MaleCNS:12570)
VFB_jrmc000i	primary neuron	doi:10.1101/2025.10.09.680999	is_a	male-cns:v1.0 260821	VM4_adPN_R (MaleCNS:16141)
VFB_jrmc3fa5	primary neuron	doi:10.1101/2025.10.09.680999	is_a	male-cns:v1.0 260821	CB0533_R (MaleCNS:10688)
VFB_jrmc2zyu	primary neuron	doi:10.1101/2025.10.09.680999	is_a	male-cns:v1.0 260821	ExR1_L (MaleCNS:11433)
VFB_jrmc21wv	primary neuron	doi:10.1101/2025.10.09.680999	is_a	male-cns:v1.0 260821	LHCENT11_R (MaleCNS:11691)
VFB_jrmc3j66	primary neuron	doi:10.1101/2025.10.09.680999	is_a	male-cns:v1.0 260821	AVLP575_R (MaleCNS:12615)
VFB_jrmc2tzo	primary neuron	doi:10.1101/2025.10.09.680999	is_a	male-cns:v1.0 260821	GNG404_R (MaleCNS:37007)
VFB_jrmc1ng4	primary neuron	doi:10.1101/2025.10.09.680999	is_a	male-cns:v1.0 260821	OA-VUMa3_M (MaleCNS:10555)
VFB_jrmc2uk7	primary neuron	doi:10.1101/2025.10.09.680999	is_a	male-cns:v1.0 260821	GNG671_M (MaleCNS:10490)
VFB_jrmc3059	primary neuron	doi:10.1101/2025.10.09.680999	is_a	male-cns:v1.0 260821	FB4M(PPM3-FB3/4-NO-DAN)_L (MaleCNS:43756)
VFB_jrmc000f	primary neuron	doi:10.1101/2025.10.09.680999	is_a	male-cns:v1.0 260821	VM3_adPN_R (MaleCNS:12164)
VFB_jrmc3j68	primary neuron	doi:10.1101/2025.10.09.680999	is_a	male-cns:v1.0 260821	AVLP576_R (MaleCNS:15288)
VFB_jrmc37kb	primary neuron	doi:10.1101/2025.10.09.680999	is_a	male-cns:v1.0 260821	DM4_adPN_L (MaleCNS:10670)
VFB_jrmc21xm	primary neuron	doi:10.1101/2025.10.09.680999	is_a	male-cns:v1.0 260821	LHCENT4_R (MaleCNS:513601)
VFB_jrmc2zzt	primary neuron	doi:10.1101/2025.10.09.680999	is_a	male-cns:v1.0 260821	FB1C_R (MaleCNS:45024)
VFB_jrmc37ip	primary neuron	doi:10.1101/2025.10.09.680999	is_a	male-cns:v1.0 260821	DL1_adPN_R (MaleCNS:520003)
VFB_jrmc07cu	primary neuron	doi:10.1101/2025.10.09.680999	is_a	male-cns:v1.0 260821	VL2a_adPN_R (MaleCNS:10039)
VFB_jrmc3f85	primary neuron	doi:10.1101/2025.10.09.680999	is_a	male-cns:v1.0 260821	CB0297_L (MaleCNS:514310)
VFB_jrmc2tur	primary neuron	doi:10.1101/2025.10.09.680999	is_a	male-cns:v1.0 260821	GNG347_M (MaleCNS:15775)
VFB_jrmc1ng9	primary neuron	doi:10.1101/2025.10.09.680999	is_a	male-cns:v1.0 260821	OA-VUMa6(OA-VUMa7)_M (MaleCNS:10175)
VFB_jrmc3j6c	primary neuron	doi:10.1101/2025.10.09.680999	is_a	male-cns:v1.0 260821	AVLP577_L (MaleCNS:15298)
VFB_jrmc073p	primary neuron	doi:10.1101/2025.10.09.680999	is_a	male-cns:v1.0 260821	VA6_adPN_R (MaleCNS:527577)
VFB_jrmc02o2	primary neuron	doi:10.1101/2025.10.09.680999	is_a	male-cns:v1.0 260821	il3LN6_L (MaleCNS:523591)
VFB_jrmc2tck	primary neuron	doi:10.1101/2025.10.09.680999	is_a	male-cns:v1.0 260821	GNG046_L (MaleCNS:12745)
VFB_jrmc0001	primary neuron	doi:10.1101/2025.10.09.680999	is_a	male-cns:v1.0 260821	VL2p_adPN_L (MaleCNS:10321)
VFB_jrmc30w2	primary neuron	doi:10.1101/2025.10.09.680999	is_a	male-cns:v1.0 260821	DP1l_adPN_R (MaleCNS:10423)
VFB_jrmc37hv	primary neuron	doi:10.1101/2025.10.09.680999	is_a	male-cns:v1.0 260821	DC1_adPN_L (MaleCNS:10470)
VFB_jrmc02o1	primary neuron	doi:10.1101/2025.10.09.680999	is_a	male-cns:v1.0 260821	il3LN6_R (MaleCNS:10473)
VFB_jrmc37hr	primary neuron	doi:10.1101/2025.10.09.680999	is_a	male-cns:v1.0 260821	DA4l_adPN_R (MaleCNS:14530)
VFB_jrmc3j69	primary neuron	doi:10.1101/2025.10.09.680999	is_a	male-cns:v1.0 260821	AVLP577_R (MaleCNS:12930)
VFB_jrmc2zza	primary neuron	doi:10.1101/2025.10.09.680999	is_a	male-cns:v1.0 260821	ExR7_L (MaleCNS:522991)
VFB_jrmc3j6b	primary neuron	doi:10.1101/2025.10.09.680999	is_a	male-cns:v1.0 260821	AVLP577_R (MaleCNS:14900)
VFB_jrmc1ng7	primary neuron	doi:10.1101/2025.10.09.680999	is_a	male-cns:v1.0 260821	OA-VUMa5_M (MaleCNS:13303)
VFB_jrmc3j7t	primary neuron	doi:10.1101/2025.10.09.680999	is_a	male-cns:v1.0 260821	AVLP609(hb5813057405)_R (MaleCNS:12608)
VFB_jrmc1ng2	primary neuron	doi:10.1101/2025.10.09.680999	is_a	male-cns:v1.0 260821	OA-VUMa2_M (MaleCNS:12109)
VFB_jrmc30w7	primary neuron	doi:10.1101/2025.10.09.680999	is_a	male-cns:v1.0 260821	DP1m_adPN_R (MaleCNS:10084)
VFB_jrmc21xl	primary neuron	doi:10.1101/2025.10.09.680999	is_a	male-cns:v1.0 260821	LHCENT4_L (MaleCNS:11190)
VFB_jrmc2u24	primary neuron	doi:10.1101/2025.10.09.680999	is_a	male-cns:v1.0 260821	GNG423_R (MaleCNS:513970)
VFB_jrmc2tsr	primary neuron	doi:10.1101/2025.10.09.680999	is_a	male-cns:v1.0 260821	GNG323(hb487286529,hb517242832)_M (MaleCNS:10695)
VFB_jrmc37kc	primary neuron	doi:10.1101/2025.10.09.680999	is_a	male-cns:v1.0 260821	DM4_adPN_R (MaleCNS:10613)
VFB_jrmc1ngb	primary neuron	doi:10.1101/2025.10.09.680999	is_a	male-cns:v1.0 260821	OA-VUMa8_M (MaleCNS:10185)
VFB_jrmc3053	primary neuron	doi:10.1101/2025.10.09.680999	is_a	male-cns:v1.0 260821	FB4L_L (MaleCNS:17061)
VFB_jrmc1ng8	primary neuron	doi:10.1101/2025.10.09.680999	is_a	male-cns:v1.0 260821	OA-VUMa5_M (MaleCNS:12896)
VFB_jrmc1ng5	primary neuron	doi:10.1101/2025.10.09.680999	is_a	male-cns:v1.0 260821	OA-VUMa4_M (MaleCNS:10799)
VFB_jrmc3f84	primary neuron	doi:10.1101/2025.10.09.680999	is_a	male-cns:v1.0 260821	CB0297_R (MaleCNS:11622)
VFB_jrmc1j76	primary neuron	doi:10.1101/2025.10.09.680999	is_a	male-cns:v1.0 260821	PRW004(hb1140012085)_M (MaleCNS:555259)
VFB_jrmc3hpj	primary neuron	doi:10.1101/2025.10.09.680999	is_a	male-cns:v1.0 260821	AOTU103m_L (MaleCNS:15198)
VFB_jrmc073q	primary neuron	doi:10.1101/2025.10.09.680999	is_a	male-cns:v1.0 260821	VA7l_adPN_L (MaleCNS:529665)
VFB_jrmc37jn	primary neuron	doi:10.1101/2025.10.09.680999	is_a	male-cns:v1.0 260821	DL4_adPN_L (MaleCNS:11829)
VFB_jrmc3fa4	primary neuron	doi:10.1101/2025.10.09.680999	is_a	male-cns:v1.0 260821	CB0533_L (MaleCNS:35930)
VFB_jrmc222y	primary neuron	doi:10.1101/2025.10.09.680999	is_a	male-cns:v1.0 260821	LHPV12a1_R (MaleCNS:10209)
VFB_jrmc21xk	primary neuron	doi:10.1101/2025.10.09.680999	is_a	male-cns:v1.0 260821	LHCENT3_R (MaleCNS:522828)
VFB_jrmc294w	primary neuron	doi:10.1101/2025.10.09.680999	is_a	male-cns:v1.0 260821	LHAV2d1_R (MaleCNS:13886)
VFB_jrmc3j5y	primary neuron	doi:10.1101/2025.10.09.680999	is_a	male-cns:v1.0 260821	AVLP572_L (MaleCNS:11349)
VFB_jrmc21xi	primary neuron	doi:10.1101/2025.10.09.680999	is_a	male-cns:v1.0 260821	LHCENT2_R (MaleCNS:11341)
VFB_jrmc2zzu	primary neuron	doi:10.1101/2025.10.09.680999	is_a	male-cns:v1.0 260821	FB1C_L (MaleCNS:11255)
VFB_jrmc21xw	primary neuron	doi:10.1101/2025.10.09.680999	is_a	male-cns:v1.0 260821	LHCENT9_L (MaleCNS:11112)
VFB_jrmc1ng1	primary neuron	doi:10.1101/2025.10.09.680999	is_a	male-cns:v1.0 260821	OA-VUMa2_M (MaleCNS:11608)
VFB_jrmc37k8	primary neuron	doi:10.1101/2025.10.09.680999	is_a	male-cns:v1.0 260821	DM3_adPN_L (MaleCNS:10111)
VFB_jrmc3f9u	primary neuron	doi:10.1101/2025.10.09.680999	is_a	male-cns:v1.0 260821	CB0477_R (MaleCNS:41144)
VFB_jrmc2zze	primary neuron	doi:10.1101/2025.10.09.680999	is_a	male-cns:v1.0 260821	ExR8_L (MaleCNS:15458)
VFB_jrmc3j7w	primary neuron	doi:10.1101/2025.10.09.680999	is_a	male-cns:v1.0 260821	AVLP610(hb1416796844)_L (MaleCNS:520188)
VFB_jrmc37jo	primary neuron	doi:10.1101/2025.10.09.680999	is_a	male-cns:v1.0 260821	DL4_adPN_R (MaleCNS:11514)
VFB_jrmc000h	primary neuron	doi:10.1101/2025.10.09.680999	is_a	male-cns:v1.0 260821	VM3_adPN_L (MaleCNS:12367)
VFB_jrmc1nfz	primary neuron	doi:10.1101/2025.10.09.680999	is_a	male-cns:v1.0 260821	OA-VUMa1_M (MaleCNS:10041)
VFB_jrmc2zyz	primary neuron	doi:10.1101/2025.10.09.680999	is_a	male-cns:v1.0 260821	ExR2_L (MaleCNS:18156)
VFB_jrmc07cv	primary neuron	doi:10.1101/2025.10.09.680999	is_a	male-cns:v1.0 260821	VL2a_adPN_L (MaleCNS:10134)
VFB_jrmc000e	primary neuron	doi:10.1101/2025.10.09.680999	is_a	male-cns:v1.0 260821	VM3_adPN_R (MaleCNS:10906)
VFB_jrmc21wp	primary neuron	doi:10.1101/2025.10.09.680999	is_a	male-cns:v1.0 260821	LHCENT1_R (MaleCNS:13153)
VFB_jrmc2u9q	primary neuron	doi:10.1101/2025.10.09.680999	is_a	male-cns:v1.0 260821	GNG517_R (MaleCNS:13584)
VFB_jrmc2u9p	primary neuron	doi:10.1101/2025.10.09.680999	is_a	male-cns:v1.0 260821	GNG517_L (MaleCNS:13436)
VFB_jrmc3hpk	primary neuron	doi:10.1101/2025.10.09.680999	is_a	male-cns:v1.0 260821	AOTU103m_R (MaleCNS:15712)
VFB_jrmc2tsn	primary neuron	doi:10.1101/2025.10.09.680999	is_a	male-cns:v1.0 260821	GNG321(hb612095452)_R (MaleCNS:17878)
VFB_jrmc2zzh	primary neuron	doi:10.1101/2025.10.09.680999	is_a	male-cns:v1.0 260821	ExR8_R (MaleCNS:514997)
VFB_jrmc3j5z	primary neuron	doi:10.1101/2025.10.09.680999	is_a	male-cns:v1.0 260821	AVLP573_R (MaleCNS:12769)
VFB_jrmc2zyv	primary neuron	doi:10.1101/2025.10.09.680999	is_a	male-cns:v1.0 260821	ExR1_R (MaleCNS:10324)
VFB_jrmc21xt	primary neuron	doi:10.1101/2025.10.09.680999	is_a	male-cns:v1.0 260821	LHCENT8_R (MaleCNS:11606)
VFB_jrmc02ac	primary neuron	doi:10.1101/2025.10.09.680999	is_a	male-cns:v1.0 260821	aMe23_L (MaleCNS:524398)
VFB_jrmc2u8p	primary neuron	doi:10.1101/2025.10.09.680999	is_a	male-cns:v1.0 260821	GNG499_R (MaleCNS:11056)
VFB_jrmc37hq	primary neuron	doi:10.1101/2025.10.09.680999	is_a	male-cns:v1.0 260821	DA3_adPN_L (MaleCNS:23494)
VFB_jrmc30w8	primary neuron	doi:10.1101/2025.10.09.680999	is_a	male-cns:v1.0 260821	DP1m_adPN_L (MaleCNS:10126)
VFB_jrmc30w3	primary neuron	doi:10.1101/2025.10.09.680999	is_a	male-cns:v1.0 260821	DP1l_adPN_L (MaleCNS:10524)
VFB_jrmc3055	primary neuron	doi:10.1101/2025.10.09.680999	is_a	male-cns:v1.0 260821	FB4L_R (MaleCNS:10568)
VFB_jrmc222z	primary neuron	doi:10.1101/2025.10.09.680999	is_a	male-cns:v1.0 260821	LHPV12a1_L (MaleCNS:10305)
VFB_jrmc3j64	primary neuron	doi:10.1101/2025.10.09.680999	is_a	male-cns:v1.0 260821	AVLP574_L (MaleCNS:13251)
VFB_jrmc0017	primary neuron	doi:10.1101/2025.10.09.680999	is_a	male-cns:v1.0 260821	VM6_adPN_L (MaleCNS:10429)
VFB_jrmc2zzf	primary neuron	doi:10.1101/2025.10.09.680999	is_a	male-cns:v1.0 260821	ExR8_L (MaleCNS:522974)
VFB_jrmc3j6a	primary neuron	doi:10.1101/2025.10.09.680999	is_a	male-cns:v1.0 260821	AVLP577_L (MaleCNS:12191)
VFB_jrmc2tzp	primary neuron	doi:10.1101/2025.10.09.680999	is_a	male-cns:v1.0 260821	GNG404_L (MaleCNS:10746)
VFB_jrmc37im	primary neuron	doi:10.1101/2025.10.09.680999	is_a	male-cns:v1.0 260821	DL1_adPN_L (MaleCNS:10359)
VFB_jrmc1bmm	primary neuron	doi:10.1101/2025.10.09.680999	is_a	male-cns:v1.0 260821	SIP102m_R (MaleCNS:521981)
VFB_jrmc3056	primary neuron	doi:10.1101/2025.10.09.680999	is_a	male-cns:v1.0 260821	FB4L_L (MaleCNS:536057)
VFB_jrmc2zyx	primary neuron	doi:10.1101/2025.10.09.680999	is_a	male-cns:v1.0 260821	ExR2_L (MaleCNS:517512)
VFB_jrmc3068	primary neuron	doi:10.1101/2025.10.09.680999	is_a	male-cns:v1.0 260821	FB4Y_R (MaleCNS:14434)
VFB_jrmc2u8q	primary neuron	doi:10.1101/2025.10.09.680999	is_a	male-cns:v1.0 260821	GNG499_L (MaleCNS:13783)
VFB_jrmc2zzs	primary neuron	doi:10.1101/2025.10.09.680999	is_a	male-cns:v1.0 260821	FB1C_R (MaleCNS:523776)
VFB_jrmc21xj	primary neuron	doi:10.1101/2025.10.09.680999	is_a	male-cns:v1.0 260821	LHCENT3_L (MaleCNS:11030)
VFB_jrmc21xr	primary neuron	doi:10.1101/2025.10.09.680999	is_a	male-cns:v1.0 260821	LHCENT8_L (MaleCNS:11210)
VFB_jrmc21xs	primary neuron	doi:10.1101/2025.10.09.680999	is_a	male-cns:v1.0 260821	LHCENT8_L (MaleCNS:12259)
VFB_jrmc3j61	primary neuron	doi:10.1101/2025.10.09.680999	is_a	male-cns:v1.0 260821	AVLP574_R (MaleCNS:15086)
VFB_jrmc2uik	primary neuron	doi:10.1101/2025.10.09.680999	is_a	male-cns:v1.0 260821	GNG647_R (MaleCNS:12076)
VFB_jrmc2uil	primary neuron	doi:10.1101/2025.10.09.680999	is_a	male-cns:v1.0 260821	GNG647_R (MaleCNS:13592)
VFB_jrmc2uij	primary neuron	doi:10.1101/2025.10.09.680999	is_a	male-cns:v1.0 260821	GNG647_L (MaleCNS:12126)
VFB_jrmc37yb	primary neuron	doi:10.1101/2025.10.09.680999	is_a	male-cns:v1.0 260821	DNg54_L (MaleCNS:12886)
VFB_jrmc37yc	primary neuron	doi:10.1101/2025.10.09.680999	is_a	male-cns:v1.0 260821	DNg54_R (MaleCNS:12821)
VFB_jrmc30g0	primary neuron	doi:10.1101/2025.10.09.680999	is_a	male-cns:v1.0 260821	DNge078_R (MaleCNS:36541)
VFB_jrmc30m4	primary neuron	doi:10.1101/2025.10.09.680999	is_a	male-cns:v1.0 260821	DNge174_R (MaleCNS:17211)
VFB_jrmc30g1	primary neuron	doi:10.1101/2025.10.09.680999	is_a	male-cns:v1.0 260821	DNge078_L (MaleCNS:14537)
VFB_jrmc30m5	primary neuron	doi:10.1101/2025.10.09.680999	is_a	male-cns:v1.0 260821	DNge174_L (MaleCNS:18159)
VFB_jrmc37wv	primary neuron	doi:10.1101/2025.10.09.680999	is_a	male-cns:v1.0 260821	DNg33_R (MaleCNS:13442)
VFB_jrmc37ud	primary neuron	doi:10.1101/2025.10.09.680999	is_a	male-cns:v1.0 260821	DNg111(hb1573072464)_R (MaleCNS:11706)
VFB_jrmc30dg	primary neuron	doi:10.1101/2025.10.09.680999	is_a	male-cns:v1.0 260821	DNge037_L (MaleCNS:10221)
VFB_jrmc37zw	primary neuron	doi:10.1101/2025.10.09.680999	is_a	male-cns:v1.0 260821	DNg80_L (MaleCNS:11036)
VFB_jrmc30kq	primary neuron	doi:10.1101/2025.10.09.680999	is_a	male-cns:v1.0 260821	DNge133_R (MaleCNS:14265)
VFB_jrmc37yd	primary neuron	doi:10.1101/2025.10.09.680999	is_a	male-cns:v1.0 260821	DNg55_M (MaleCNS:15105)
VFB_jrmc30do	primary neuron	doi:10.1101/2025.10.09.680999	is_a	male-cns:v1.0 260821	DNge041_L (MaleCNS:11797)
VFB_jrmc37xo	primary neuron	doi:10.1101/2025.10.09.680999	is_a	male-cns:v1.0 260821	DNg44_R (MaleCNS:12794)
VFB_jrmc30pv	primary neuron	doi:10.1101/2025.10.09.680999	is_a	male-cns:v1.0 260821	DNp44_L (MaleCNS:12620)
VFB_jrmc30m3	primary neuron	doi:10.1101/2025.10.09.680999	is_a	male-cns:v1.0 260821	DNge173_L (MaleCNS:268258)
VFB_jrmc30dp	primary neuron	doi:10.1101/2025.10.09.680999	is_a	male-cns:v1.0 260821	DNge041_R (MaleCNS:10304)
VFB_jrmc20bv	primary neuron	doi:10.1101/2025.10.09.680999	is_a	male-cns:v1.0 260821	MDN_R (MaleCNS:11332)
VFB_jrmc30dh	primary neuron	doi:10.1101/2025.10.09.680999	is_a	male-cns:v1.0 260821	DNge037_R (MaleCNS:10216)
VFB_jrmc3826	primary neuron	doi:10.1101/2025.10.09.680999	is_a	male-cns:v1.0 260821	DNge018_L (MaleCNS:11986)
VFB_jrmc30pu	primary neuron	doi:10.1101/2025.10.09.680999	is_a	male-cns:v1.0 260821	DNp44_R (MaleCNS:513079)
VFB_jrmc30ph	primary neuron	doi:10.1101/2025.10.09.680999	is_a	male-cns:v1.0 260821	DNp36(CL342)_R (MaleCNS:10245)
VFB_jrmc3825	primary neuron	doi:10.1101/2025.10.09.680999	is_a	male-cns:v1.0 260821	DNge018_R (MaleCNS:13096)
VFB_jrmc37w4	primary neuron	doi:10.1101/2025.10.09.680999	is_a	male-cns:v1.0 260821	DNg21_R (MaleCNS:15825)
VFB_jrmc37z1	primary neuron	doi:10.1101/2025.10.09.680999	is_a	male-cns:v1.0 260821	DNg68_R (MaleCNS:12210)
VFB_jrmc30k5	primary neuron	doi:10.1101/2025.10.09.680999	is_a	male-cns:v1.0 260821	DNge123_R (MaleCNS:12705)
VFB_jrmc30pg	primary neuron	doi:10.1101/2025.10.09.680999	is_a	male-cns:v1.0 260821	DNp36(CL342)_L (MaleCNS:10712)
VFB_jrmc380c	primary neuron	doi:10.1101/2025.10.09.680999	is_a	male-cns:v1.0 260821	DNg87_L (MaleCNS:12169)
VFB_jrmc30m2	primary neuron	doi:10.1101/2025.10.09.680999	is_a	male-cns:v1.0 260821	DNge173_R (MaleCNS:14157)
VFB_jrmc37wc	primary neuron	doi:10.1101/2025.10.09.680999	is_a	male-cns:v1.0 260821	DNg26_R (MaleCNS:12775)
VFB_jrmc37we	primary neuron	doi:10.1101/2025.10.09.680999	is_a	male-cns:v1.0 260821	DNg26_R (MaleCNS:12480)
VFB_jrmc20bt	primary neuron	doi:10.1101/2025.10.09.680999	is_a	male-cns:v1.0 260821	MDN_L (MaleCNS:11288)
VFB_jrmc20bu	primary neuron	doi:10.1101/2025.10.09.680999	is_a	male-cns:v1.0 260821	MDN_R (MaleCNS:10763)
VFB_jrmc37z2	primary neuron	doi:10.1101/2025.10.09.680999	is_a	male-cns:v1.0 260821	DNg68_L (MaleCNS:12299)
VFB_jrmc383l	primary neuron	doi:10.1101/2025.10.09.680999	is_a	male-cns:v1.0 260821	DNge034_L (MaleCNS:16130)
VFB_jrmc380b	primary neuron	doi:10.1101/2025.10.09.680999	is_a	male-cns:v1.0 260821	DNg87_R (MaleCNS:12583)
VFB_jrmc383b	primary neuron	doi:10.1101/2025.10.09.680999	is_a	male-cns:v1.0 260821	DNge029_R (MaleCNS:16098)
VFB_jrmc37wu	primary neuron	doi:10.1101/2025.10.09.680999	is_a	male-cns:v1.0 260821	DNg33_L (MaleCNS:13317)
VFB_jrmc37wd	primary neuron	doi:10.1101/2025.10.09.680999	is_a	male-cns:v1.0 260821	DNg26_L (MaleCNS:11676)
VFB_jrmc37wf	primary neuron	doi:10.1101/2025.10.09.680999	is_a	male-cns:v1.0 260821	DNg26_L (MaleCNS:12665)
VFB_jrmc37uc	primary neuron	doi:10.1101/2025.10.09.680999	is_a	male-cns:v1.0 260821	DNg111(hb1573072464)_L (MaleCNS:11222)
VFB_jrmc30fb	primary neuron	doi:10.1101/2025.10.09.680999	is_a	male-cns:v1.0 260821	DNge069_R (MaleCNS:13852)
VFB_jrmc383a	primary neuron	doi:10.1101/2025.10.09.680999	is_a	male-cns:v1.0 260821	DNge029_L (MaleCNS:19084)
VFB_jrmc30kp	primary neuron	doi:10.1101/2025.10.09.680999	is_a	male-cns:v1.0 260821	DNge133_L (MaleCNS:13047)
VFB_jrmc37zv	primary neuron	doi:10.1101/2025.10.09.680999	is_a	male-cns:v1.0 260821	DNg80_R (MaleCNS:10548)
VFB_jrmc37xd	primary neuron	doi:10.1101/2025.10.09.680999	is_a	male-cns:v1.0 260821	DNg39_L (MaleCNS:62405)
VFB_jrmc37xe	primary neuron	doi:10.1101/2025.10.09.680999	is_a	male-cns:v1.0 260821	DNg39_R (MaleCNS:10873)
VFB_jrmc37w5	primary neuron	doi:10.1101/2025.10.09.680999	is_a	male-cns:v1.0 260821	DNg21_L (MaleCNS:16221)
VFB_jrmc30k6	primary neuron	doi:10.1101/2025.10.09.680999	is_a	male-cns:v1.0 260821	DNge123_L (MaleCNS:11820)
VFB_jrmc30ka	primary neuron	doi:10.1101/2025.10.09.680999	is_a	male-cns:v1.0 260821	DNge125_L (MaleCNS:12647)
VFB_jrmc37xn	primary neuron	doi:10.1101/2025.10.09.680999	is_a	male-cns:v1.0 260821	DNg44_L (MaleCNS:12860)
VFB_jrmc37yq	primary neuron	doi:10.1101/2025.10.09.680999	is_a	male-cns:v1.0 260821	DNg62_R (MaleCNS:15148)
VFB_jrmc30k9	primary neuron	doi:10.1101/2025.10.09.680999	is_a	male-cns:v1.0 260821	DNge125_R (MaleCNS:12485)
VFB_jrmc30fa	primary neuron	doi:10.1101/2025.10.09.680999	is_a	male-cns:v1.0 260821	DNge069_L (MaleCNS:12581)
VFB_jrmc20bs	primary neuron	doi:10.1101/2025.10.09.680999	is_a	male-cns:v1.0 260821	MDN_L (MaleCNS:12348)
VFB_jrmc37vh	primary neuron	doi:10.1101/2025.10.09.680999	is_a	male-cns:v1.0 260821	DNg13_L (MaleCNS:11074)
VFB_jrmc37vi	primary neuron	doi:10.1101/2025.10.09.680999	is_a	male-cns:v1.0 260821	DNg13_R (MaleCNS:512006)
VFB_jrmc383k	primary neuron	doi:10.1101/2025.10.09.680999	is_a	male-cns:v1.0 260821	DNge034_R (MaleCNS:16623)
VFB_jrmc37yr	primary neuron	doi:10.1101/2025.10.09.680999	is_a	male-cns:v1.0 260821	DNg62_L (MaleCNS:13624)
